0.46150768	-1.2468619	0.046368346	-2.1519175
3.9216495	-1.251658	2.3355088	-1.3404809
-0.20367686	1.5479417	-0.98039496	2.039079
-3.1483989	-2.2961059	1.0911983	0.4845736
-1.4426823	2.8720458	0.17550859	-0.97700316
0.7576846	0.85460883	2.3428676	0.33791792
-2.8763993	-0.5714657	-1.0212986	0.20225164
2.0121856	-1.241511	-0.04828534	-3.6115007
-3.4335804	-0.27938372	-0.6120093	0.36044225
-1.1409229	1.8547238	2.6533463	0.5915284
-0.5986503	-2.5248015	-0.70565677	-2.898245
-2.4258368	-0.9017537	1.180345	1.9637815
1.035047	-3.2669044	-4.1593204	-1.5040188
0.9527061	0.60009086	2.2948558	2.3236356
-3.4195848	-0.85680777	-0.48194027	0.5314394
-0.4599684	3.4200583	2.0391238	-1.3749195
0.36439478	0.0028416838	0.4934723	1.3254398
-1.493295	-0.9594083	2.7608156	-1.9341059
-0.85416454	-0.7646319	-0.655972	1.0990934
-3.0490744	0.3566517	1.3080326	-1.3972775
1.3602436	1.9723628	-1.1723999	2.3776321
4.0255904	-1.4930433	2.1073916	-1.6503283
-2.511184	0.83906084	1.5194134	-0.06462688
-3.1771865	-1.9854058	0.9507082	0.5720936
-1.0727174	-1.1156529	1.0736096	0.5475768
2.9483807	-4.1556373	-0.59541935	-0.67555064
-2.3420029	1.6976314	-1.2548009	-0.36842307
3.0768542	-2.450216	-1.6826487	-4.4233475
1.4359331	0.8051779	-0.9844502	-1.3742745
-2.5230403	0.53347695	1.2603852	1.1129752
-1.1570644	-0.1792098	-2.439725	0.63225937
-0.86440736	-2.473611	3.342997	-1.4576336
-0.07850719	0.34676313	0.17287682	2.345965
-2.3550863	0.77330244	1.8381125	-1.519722
2.419778	-1.010792	2.8736548	-2.4214666
-2.3479557	-0.7432928	1.4361848	0.28139815
0.2162761	-0.90524846	0.8318293	1.0712503
3.6751723	-1.0384462	3.5978177	-1.1020865
-1.3001088	2.2840474	-0.80435854	1.2434968
0.9909323	1.1217529	1.5700614	1.1337258
-3.918398	-1.3091699	-0.079187766	-0.038481932
-0.6657322	-1.3075222	1.2274297	-2.4964354
-2.9179575	1.4079871	-0.69785476	-0.49518523
-2.6438441	0.04870577	0.65607494	-1.9010961
-1.9390134	-0.07240407	-3.0519595	-0.011341107
-0.94514036	3.3784862	0.16695714	-1.9502245
-0.897064	-0.26231578	-1.3116174	-1.0973136
-0.9839203	-0.5995349	2.5913231	-1.5226246
-1.0826017	-0.19848502	-2.7894309	-0.6979427
1.0219246	-2.9604285	-0.37241492	-4.351964
-0.35048017	-2.9807062	-1.9594365	-0.33948433
6.479625	-0.49467042	-0.4326536	-2.7561412
1.0619032	3.9645498	-1.6150981	-1.5995394
-2.9411416	-0.5026243	0.5769084	0.26436532
-0.64415294	3.2084198	-0.6513964	-1.107768
-0.6052339	0.6477942	1.9692508	-3.1866815
5.1595745	-0.06913278	-1.1014532	-0.7721212
-2.0856178	2.3621418	1.3333815	-1.4025605
1.1057866	2.4649236	-2.864099	-0.07553588
-3.0659761	-2.860897	0.8137976	0.3832573
1.7006388	1.7002282	-0.26516995	4.074199
-2.38212	-0.12534909	1.111103	0.394917
1.0865641	-1.5006509	1.0076724	-0.053686067
4.702197	-1.119386	1.0423241	-2.750068
2.2660027	2.0167506	0.6339721	2.1461484
-2.338277	-1.501441	1.2727395	1.088842
0.9470019	-0.93240476	2.019732	1.289256
-3.7194955	-1.9861784	0.51926374	0.6796677
0.72740495	-2.0859566	-2.0997963	1.3233241
4.8368635	-0.7116225	-0.5120853	-2.387332
-0.9470698	-1.9975268	-0.72909623	0.90303403
-1.5488939	1.6422082	1.7354789	-0.43444213
-3.6630313	-1.0907677	-0.004067699	0.96105516
-0.37615952	-0.5291181	2.5219526	2.1206243
-0.24420716	-1.3851886	-3.1306105	-2.3127031
3.2967215	-1.7187445	0.902195	-2.8196821
-1.3997802	-3.5465732	-2.688505	0.66196203
-3.434195	-2.7702453	0.76463836	0.16384159
-3.5329456	-1.8285445	1.3857076	0.28512296
-1.7145592	1.0775261	1.9912906	-0.8140874
1.974571	-1.6534469	-1.7541492	0.73663205
4.177296	-0.98377806	1.723401	-3.3457859
3.9608293	-2.2476811	0.25699222	2.356365
0.83597857	-0.12713063	2.3635943	1.9445875
-1.0568281	2.7026165	-1.2668556	-0.9220794
-0.71428776	-1.4559948	0.52123594	-2.3821182
-1.078552	-0.076710604	-2.8195899	0.40585947
-0.51243484	3.598225	2.3835716	-1.4546932
4.540275	-1.4217386	-2.6006846	0.68307406
0.3293671	3.461946	2.6514025	0.65796965
2.1708336	0.8040296	1.6975669	3.2123346
-0.5110957	2.5732806	1.4931586	-1.2026092
-0.69826716	2.2127845	-1.3163949	1.3868556
0.6372007	-0.8933689	2.2377942	0.9417427
-0.78228515	-0.56591386	1.6837258	-2.289419
4.8423605	-0.83717006	1.5411284	-2.1710596
-2.5287101	2.3232853	0.34073344	-1.5113932
-0.51661915	-0.5563336	1.8879538	-2.6844833
-0.6629067	-1.7516379	-3.8072143	-1.5982056
-3.6500106	-1.4767511	0.4004421	0.5770432
-1.2214571	0.57077146	0.39080763	-0.19156502
-0.11515555	2.7822452	0.45972976	-1.1488733
-3.4361284	-1.1331792	-0.18209611	0.680565
-1.1775535	3.1075711	0.8474039	-1.4816191
-2.8403037	-0.09571865	-0.7033527	0.6650697
-3.4626772	-3.147929	1.3403546	0.4017264
1.8222135	-0.42877024	-0.7343258	1.5054306
0.97430235	-2.5224736	-0.2988395	-1.7284402
1.6851636	-1.6660477	-1.6672566	1.9080954
-0.7278379	0.6730596	-0.0409879	2.3852105
0.29087836	2.3359253	-1.9702553	0.33151183
2.9543426	0.8034559	-2.1409214	-3.0699315
-3.9306068	-1.0281435	-0.064636156	0.5107555
-3.0967622	-3.4541266	1.3701856	0.6651771
5.3260336	-0.1239764	-0.11091086	-0.89314246
-0.56534445	3.2385342	1.626397	-0.35232183
-0.15443204	4.0231624	-0.4055271	-0.95115054
2.4490304	-2.3593798	0.23244147	0.5906415
3.0485275	-1.1498344	-0.25282606	0.0944891
5.343761	-1.4997597	3.4337363	-2.235044
2.276721	0.80149114	-1.698289	-0.7731537
5.927367	-3.165136	-1.7380873	0.8955802
-1.3690835	-1.9023482	0.85685104	2.748878
-0.62203413	2.8305514	1.6897303	-0.5560427
-3.675051	-1.3366089	-0.2838548	0.6928902
-0.8363922	-2.1999443	0.9915827	-2.2753346
1.218737	-0.1364063	-0.37159806	2.1252675
-0.94233215	1.2843717	2.7203784	1.5582563
-3.6398494	-1.7215554	0.24927212	-0.523539
-0.35368037	-1.650711	2.7599938	0.15998445
-1.1665746	-1.506006	-2.579998	-1.9475223
-0.24256565	2.3496318	2.7377417	0.04504234
-2.1073291	-1.1681331	-0.055836454	-0.96044856
-2.8791678	1.3841794	0.19611827	-2.0141182
-0.9150572	0.6198646	-2.9036503	0.7515669
-0.0031377373	-2.4689863	0.296209	-2.6682703
-1.4065323	-1.8041435	-4.0343614	-0.19000338
-2.16917	-1.9876567	2.2654085	-1.8547524
2.115077	-2.677064	-0.58980006	0.017511116
-0.86485755	2.1150095	2.4556148	0.4835414
-2.6532629	-0.0039455057	-0.49448457	-0.039788816
-1.9999115	0.3131651	1.7464406	-0.46895707
-1.0434941	2.5862665	-0.55685854	0.61144066
-0.9623847	0.48949152	-0.17293216	1.6236712
-1.354835	-1.1343285	-2.2710555	0.5898594
-1.496749	0.055247467	2.0964067	0.9909557
0.1721046	-2.4963822	1.9049114	0.074885584
-0.55004275	0.8371285	2.4571261	1.5306771
-1.5541055	1.2366214	0.8163894	0.31085634
1.2609237	-2.2528327	-3.9624567	-1.991218
-1.2734878	0.5941569	1.2909107	0.7529828
1.172082	0.85359544	2.1585257	2.2950916
-3.478172	-2.2905724	0.31558555	0.5177587
-2.679374	0.94360507	0.6584879	-0.9658777
-0.22573839	2.7643027	-2.1666646	-0.6220779
0.6216368	-0.020831792	2.9766872	1.6279197
2.9527502	-0.290292	0.08416397	-0.037693035
0.85986453	-1.8395408	1.3221893	-2.489588
-0.123043284	1.4441832	-1.9947643	2.3722303
0.777454	-0.19418944	1.1409378	1.6412699
-1.21433	0.43073928	-1.3470659	-0.7315401
2.3849232	-3.7490675	0.51809967	-1.5715
-1.0878018	2.8433576	-2.042885	-0.84182703
-1.6021234	1.0472426	1.7283792	0.86569536
2.438007	2.5773728	-1.6999946	2.7524533
0.48652917	-0.5277922	2.42216	1.7674407
-1.3819855	2.2047272	1.7672309	0.17824125
-0.39086065	3.006381	1.7756443	-2.085063
-2.601142	-0.46330127	0.62203103	-1.9928114
4.006778	-1.3150989	0.90717524	-2.2772934
-0.7401864	3.370164	-1.5918591	-0.69332284
1.5188886	-0.91117954	1.0446131	1.1225199
-0.014082914	3.5183718	-0.74298596	-1.4697894
-2.703039	-0.92786247	1.1444339	1.3079208
-3.8726509	-1.4109886	-0.19321445	0.459802
-1.2769172	-0.78812844	2.0093756	-0.15454412
-2.0527737	1.6459306	-1.590077	-1.5285184
-3.626886	-2.1900513	1.5720625	-0.72947544
1.4351467	-0.031233925	2.1169746	1.3325868
2.6785667	-1.2121925	-0.832293	-2.8987627
-2.838435	-1.3448766	-0.25403515	0.5830865
1.0362761	1.6957332	0.59723175	-3.5025656
2.1240788	-2.3616197	-3.3363128	-0.4420842
-1.1452417	3.7263896	0.3502203	-1.8869239
-3.256221	-0.78836113	-0.69188946	0.5851184
0.29021874	3.0946834	1.8670454	-1.2086549
-0.3373597	-0.37153643	-1.4146287	3.0296533
2.4261942	-4.519278	1.3249621	1.7712895
0.64877534	0.7853734	-0.7829346	0.12683772
0.5484629	-0.27840778	0.5318928	1.2232298
0.21428835	-2.7945871	0.35428283	3.4202693
-1.6006676	-0.26709718	1.9469819	1.0406562
4.7560487	-0.6375787	1.2482469	0.80719614
0.0023608631	2.7701726	1.8100561	-1.1056948
1.3698975	3.5640516	-1.7463626	1.3274838
-1.3283688	1.0902447	1.6893117	-2.7612665
1.3496792	3.7756703	-3.1621885	0.16336912
-1.7185428	-1.9583476	2.0720813	-1.1022412
-0.81560326	-2.5065808	-3.5690374	0.50236255
0.17486599	1.5595009	1.3899336	1.6197687
-2.7754607	-0.4402901	-0.21092679	-0.07944111
-2.9546785	-1.8317152	1.1893163	0.31997988
-0.98228943	-1.2317746	2.5239732	-2.010721
0.7243939	0.3694345	0.26918343	-3.949942
-1.0953141	1.219667	1.7945755	1.8600194
-3.0340486	-2.9883509	0.9459321	0.555588
4.2314177	-1.5644764	-1.9213293	-1.17446
0.7925733	0.8859739	1.3508469	-1.4978086
-3.8809655	-1.8177416	0.8503807	-0.19451396
5.0742435	-2.7298164	-2.700976	0.62480825
1.0512124	-0.36164653	-1.6097895	0.36098936
-3.804938	-2.4380825	0.8347036	-0.21852762
-2.3321922	1.223457	-1.3201194	-0.68316084
1.519571	-1.2050271	1.5252928	3.2052162
0.8623111	3.4322112	-2.4780476	-0.82629734
1.1174468	-3.4367516	-1.1637701	-2.6250284
2.3709955	-0.08789125	-1.8611518	-0.11440931
-0.15323739	2.6591084	0.53332424	0.38922694
0.63302106	-0.33371857	-0.35387224	2.231575
0.9441705	-0.9253747	1.5661734	-2.2566183
1.438069	-2.8745418	0.58298594	1.3209918
2.9710817	1.2316893	1.3454223	3.2193203
2.8015811	1.85366	-2.1962955	3.9923105
-0.38463953	3.266165	1.7047057	-2.0513628
-0.032965507	0.32711375	0.8000371	-2.801617
1.1357572	-1.7409965	2.2386436	-2.893652
-1.507376	2.659933	-2.4472387	-0.6606442
-1.8438236	2.094278	0.43999213	-2.0302632
-0.9020047	0.4857475	-2.3870988	0.99177694
4.0716724	-0.7595294	-2.7275698	-0.14893831
-1.5422934	2.1383376	1.3643627	-0.93151414
-3.748145	-2.663593	0.5912415	0.51363647
0.43218222	0.27881762	-0.36130008	1.1787355
0.43633726	-0.5482844	3.1048155	2.2163417
3.4689577	-0.57101893	-0.9345649	-0.0014854062
0.8540045	-2.7093313	-0.10588787	-2.1149411
-0.10690602	-0.67845297	1.3116302	-4.580851
-0.16974612	3.3817968	0.29217023	0.87958705
0.70847833	1.1320598	-0.21705359	2.9482
-0.04977572	-1.0426342	1.3728621	-1.2840691
-2.8644397	-0.5545109	-0.60722816	-0.38236642
3.0841126	1.8674021	-0.73969513	4.802582
2.4876995	-3.7456126	-1.3808796	-1.0531664
-0.25489497	4.35684	-0.21343258	-1.5230136
3.6919525	-0.5180694	-2.6063647	-1.6735102
0.22784677	-2.0003815	1.9136713	-2.647195
0.66031605	-1.1954674	-2.1254182	0.5718934
-1.7215245	1.8209302	0.017557459	-1.6109463
-2.4241998	-0.7386238	-1.3395435	0.13245447
3.5515585	-1.7180107	-2.4762967	0.52822405
-0.5066208	0.9030208	-1.3800396	1.5428754
-3.9480882	-1.9500412	0.76950616	-0.55517447
-1.4834661	-3.0593102	-0.9481495	2.3617468
2.5161078	-0.8109397	2.972846	2.9288628
0.5308103	-2.4324086	-2.3633018	0.1607111
0.28903404	-2.6598153	0.8642017	-2.8561869
-2.7733042	-1.7623695	1.1894925	0.47773045
-0.46761656	2.973155	2.1227186	0.69715905
-2.104472	1.3572643	-0.4415612	-1.17974
-0.41491526	0.20112246	2.4258811	-0.8268756
-0.3890757	0.49655733	0.056606255	1.9539925
2.0222416	1.3977052	2.3747966	2.398327
0.04697327	-1.3827333	1.1809825	1.6805089
-0.21857385	4.125082	0.4750879	-1.834989
-0.67272055	1.6351125	-2.356133	2.3333228
0.7202171	-0.61570364	2.2501597	-3.2054589
1.1224955	-3.0337973	-2.5463228	-0.2293377
-1.8276759	2.0293248	-1.1960034	-1.91458
-1.9772666	1.5907842	0.18508753	1.5582818
-3.603694	-2.8720129	0.74446833	0.7857056
-3.4582703	-1.3635467	-0.0675002	1.2420171
-1.590845	1.9646299	1.3859208	0.35806432
0.7419555	3.5401936	-1.0235909	-0.7579143
-0.30870867	-0.9958783	1.2761276	-1.0526912
-0.74296	-1.9642138	0.07203204	1.0393884
0.3032161	3.0323586	1.443328	0.813652
-3.8758307	-1.2819842	0.048429225	1.1107945
2.2810318	-0.7037843	2.2919009	2.1644769
0.9914306	-2.4045413	0.32244948	1.5079044
0.5462518	-1.0554454	-1.2541512	-3.0733535
-1.9775059	2.5089455	0.35057688	-1.173113
1.1399317	-2.4204135	-1.2015616	-1.2381321
-0.9124559	1.7819967	-2.2221613	1.3443
6.671962	-1.9490943	-1.0603558	1.8422458
1.628588	-2.0067701	-3.5213923	-0.15117924
-1.9757437	1.5404652	-0.23485771	-1.4844986
2.3406699	-0.25732702	0.4670509	1.540697
-1.8452873	-0.41086432	1.5737734	0.27867877
-1.7285991	3.0023048	-1.1599675	-1.1335018
-1.1440547	2.5505514	1.1556873	0.50800776
-3.8555954	-2.3532572	0.41201	0.6519782
-0.8851851	-2.964129	0.6315665	-1.6856617
-1.5888193	1.0851965	0.073076576	0.47167057
7.5884995	-1.9972068	0.8012789	0.18887046
2.0353868	2.4806917	0.025792653	4.1509824
-1.0746156	-2.108714	2.0611753	-0.8931216
4.4126034	-0.7559239	-0.1520133	1.460783
-0.17589784	3.0213158	1.8073279	0.63686347
0.8511146	-2.600892	-4.4621153	-2.129179
2.067579	1.3465773	1.5687759	3.8968832
-2.4432664	-1.371068	0.5876728	-1.9979042
-0.8074449	3.5637054	1.2751737	-1.8199888
-0.06594761	-0.40946612	3.140862	1.5993395
6.6459174	-2.0733593	2.4783492	-1.2080104
-1.8510228	1.5947577	-2.039798	-0.36935493
-1.2909303	2.7006798	1.6588637	-1.0919037
2.2135553	-0.85856354	-1.2273787	-0.8056226
-1.7058207	2.5276358	0.83397055	-1.6094662
1.8538461	-1.2533143	2.1004488	3.8843641
-3.4044492	-2.8277407	0.387188	1.0288534
-3.7689543	-1.1695913	-0.53974056	0.4942228
2.092923	1.2747738	1.8240091	2.5787523
0.3927113	0.10377345	-1.4786572	-0.14465578
-2.1273575	1.3363056	0.51504093	-1.5516908
0.8103728	2.1626158	-1.4294555	1.8706148
-3.559529	-2.5524898	1.1405256	0.43464178
-0.23855774	-0.698817	-3.9088295	0.82748175
1.5716174	-0.27174583	3.2914968	2.6657279
-1.2687027	-1.5976485	0.02979212	1.1797482
-1.5840288	1.5723591	2.2907915	-2.0643897
4.4586196	-0.84775394	-0.057454426	-0.5698432
0.29063663	-2.1619482	0.41432768	-2.092201
0.3543185	2.0988495	-2.178396	1.5308439
2.860686	1.9630677	0.049853794	4.1083717
-0.76312155	3.4208267	-0.0279444	-0.2360894
2.4158177	-0.66112435	2.7245576	2.7141309
3.6208904	-0.53337187	0.42088494	-0.99172354
-0.8831052	-2.5345774	1.2643433	-1.3729243
2.2971268	0.35899124	0.9301128	-2.8191178
0.023985552	3.6427815	2.1302752	0.8036564
0.95575726	-2.4759912	-2.3254728	-1.2304587
0.91738963	1.8131657	2.045383	2.348986
0.8811635	-1.0621186	-2.7007668	-1.5610363
1.6916478	-1.4442152	-1.4271986	-1.5705134
0.4502476	2.6940777	-2.0328445	1.5474086
-0.6615613	0.36072403	1.8675702	0.18163173
-1.4820337	2.1269226	-0.54199004	-0.45131633
-0.13762702	3.588035	0.965451	-1.3332571
-0.28785753	3.300993	-0.22375637	0.83935905
1.8979489	-0.7268281	2.1464584	2.895911
0.5650185	1.6934655	-1.2456524	-0.65195364
1.2420104	-2.6693394	0.042034086	-2.3744738
-2.0389352	0.90774655	-0.26849714	0.07002596
-1.0831577	-1.9946344	2.9004865	-0.6569579
-0.48221686	2.8748949	-1.780194	0.6591578
-3.4600022	-2.3048558	1.1824871	0.58512056
-0.38319913	0.31037074	-0.010753482	-3.4045203
2.2343733	-0.5896442	3.111299	2.9239352
-0.20346004	-1.77521	1.309249	-1.920413
0.03957713	3.140249	0.33561707	-1.2928276
-0.77166635	3.07527	-1.2378696	-0.24036147
-3.196245	-2.1887288	1.5184493	0.4070139
2.19832	-1.9871763	-2.2596354	-0.15637131
-1.0235153	2.0977654	0.77751505	-1.9074165
-1.8438108	1.950903	-1.7547404	0.14192256
-3.1279519	-2.84273	1.3398014	0.7743658
-1.5833749	-0.9491157	-3.7199154	-1.0856309
-3.5713909	-2.2105005	1.6870191	0.13045171
-2.9950826	-0.40277463	-0.44534513	0.45502344
4.4500203	-1.4704663	0.58702093	-1.6934582
-1.7355766	-3.898294	-1.372858	1.9443724
0.2977364	-1.5284905	0.02640513	-3.6525254
-1.0993233	3.113163	0.1102482	-1.1454728
-2.2494762	1.1751552	1.6889315	1.0325233
-1.8030182	1.8339099	0.156425	0.20329255
1.5783969	-1.1166383	1.4570751	2.3520296
-3.5482566	-1.3370787	0.20696117	0.45377636
3.0140703	1.2454854	1.5271184	3.2111442
-1.9245133	-1.5208732	0.44243094	-0.6849978
-0.55922973	3.5524275	0.6314054	-0.5741252
-3.1928675	-0.6650921	-0.89693356	-0.84644675
1.5916649	3.4259133	-0.7310758	-1.8262931
-1.6445001	2.1912107	-1.4906273	0.7439315
-1.3172305	2.5939195	1.4436823	0.9505351
-0.3005343	2.8261049	-1.4508827	-0.096354425
2.391302	-0.49321365	2.7785442	2.1148968
-0.24614769	-1.3304332	-2.0363896	-0.49568853
0.7938747	3.6565883	1.5909246	-2.3196585
-0.015589463	-1.6299145	0.85297865	2.9035442
-2.1425192	1.3164726	1.5946465	0.6720189
1.8077998	2.6890664	-1.0583137	4.0147576
1.4671793	-0.578933	3.6108649	0.8462146
-3.1860154	-1.4275925	0.52736986	0.0596812
-0.25939414	3.1773589	0.91207767	-1.81775
-1.8793694	2.118597	-0.50522727	0.5827493
2.2997112	-0.99271953	3.1367967	1.6565325
0.6551084	-1.5744852	-3.484108	1.1177794
-0.89407915	3.0368738	0.37839115	-1.3379642
-2.5112944	0.17635399	0.8102857	1.9275302
-1.7588925	2.0430832	1.7634364	-2.1246803
0.23228239	-3.0236084	-0.51383036	0.8180232
1.1145889	-0.4766108	2.3794513	0.43433526
-0.48798555	-2.1578906	-3.886412	-0.39000943
-0.6611436	-1.4587533	3.1931863	-1.9470977
-2.419725	-0.8381207	-0.6347651	0.7475197
2.4257193	0.47316432	2.2390742	2.5943525
-0.26119077	-1.0149045	-0.47038236	-1.0015471
-3.2131133	-2.7001505	0.730786	0.7734277
-3.2512782	-0.9915033	-0.56818247	0.41183984
6.200301	-1.8960924	4.227674	-0.86956304
-0.3851992	-0.16309352	-0.19798084	2.1835377
-0.2603552	1.1727251	1.7231202	1.5407393
0.13462351	3.3308694	0.4601072	0.15610556
-0.15741712	-0.43960795	2.2917564	-0.91345763
1.2930095	-2.185117	-3.128788	-0.7284367
0.8838653	-2.3505683	-0.7930624	-1.685985
-2.6882565	-0.6282317	-0.6641361	0.55148584
-0.04955093	-0.7319179	1.8162688	-0.47971088
-3.8509068	-1.3382937	-0.2751452	0.45881346
-1.5054904	2.1416502	2.182779	-1.7004337
-1.037231	-3.9759896	1.1111981	2.3128524
-1.4478649	2.2931325	1.9776385	-1.1269605
-2.8306267	0.9806333	-0.6552784	0.32368702
-1.1662494	2.7268555	1.63411	0.022708792
-0.5324891	0.21550713	0.97238904	0.8529705
-0.60575104	-1.1004984	4.2777834	-1.6342645
-4.060649	-1.3994989	1.190037	0.52262545
-2.3503058	-0.260748	1.1846548	0.9530342
-2.4864016	-0.002631236	0.21619667	1.8503408
-1.033924	2.0775301	1.3785665	-2.4732852
-0.93202615	0.4897914	-0.06883168	-2.573718
1.4597989	1.3287988	2.9130418	2.3576503
-2.9445293	1.3722568	-0.40212762	-0.51545084
-1.7023737	1.5466655	1.7848644	-1.9677883
0.08867546	1.251663	-3.6406338	-0.23541729
1.0977714	-0.8965539	1.1502887	-1.8772285
1.0493181	3.7138634	-1.1956922	-1.4828264
7.354354	-1.2531072	3.7100947	-0.672478
-1.1410724	1.9775379	-3.1627815	-0.10645541
6.765607	-2.1872423	-1.3446854	0.6554467
0.11768304	-1.1001346	0.0041076997	1.4760145
1.1928041	1.8125405	1.8074917	2.2987988
-0.097812	-0.14662439	1.1639247	2.196492
-0.45104295	-2.6103072	0.55790764	-2.3150008
-1.2367376	1.7916613	-2.2116914	2.0851479
5.4379983	-1.3621446	0.062274553	0.55139726
-1.1716167	2.238226	-0.8383585	-0.30518252
-1.391559	-0.034083	1.5100753	0.62840915
0.9393095	3.2955713	-1.5504109	0.10106834
-0.83652246	-0.67813534	3.3355668	-0.9218586
4.94383	-1.984999	-2.0769286	1.7378356
-1.669849	1.7461528	0.112428404	-2.146845
-1.1458915	2.617048	-0.67418456	1.1886013
-3.1490138	-2.477104	0.8971528	0.7658887
-2.658944	-0.1303679	-1.5848731	1.1853923
-0.29386246	-0.7577817	2.3212972	-2.410815
2.01289	3.0530353	-1.432956	0.63956153
-3.0641131	-2.7619522	0.8271491	0.9037173
-0.14499208	-0.30310276	2.6120043	2.4667778
1.3123965	1.7166814	2.6851792	2.4217231
-3.3788118	-1.9298412	0.7499393	0.38730186
3.9421313	0.4325127	1.1190891	-0.32555443
2.169645	-2.239882	-1.0872515	0.46215174
3.619744	-1.256662	2.5157714	-0.30118397
-3.8001134	-0.68685615	-0.43014383	0.715825
-3.6252682	-2.363905	0.8278261	0.2965659
-1.553203	-1.4235114	0.23789608	-0.39623106
0.39978114	-0.9072139	3.3009722	1.2859728
6.701064	-1.7890788	-2.4519804	0.40699333
-0.57816195	1.5997158	-2.7627492	-1.5860697
-0.6278586	3.0603828	-0.2537606	0.8875915
0.54315305	3.591354	1.0102988	1.3811152
6.044364	-1.1356705	0.45399123	0.38110936
-2.2975512	-0.03055837	1.784581	0.68655807
4.3669105	-2.1535022	-2.239689	2.5635817
1.947548	-0.34362248	2.8366995	2.718077
-3.6875308	-1.543104	0.12684716	1.1103832
0.6191623	1.9110125	1.0538148	-0.61431
-0.67498565	0.9588324	-1.9136993	2.0469844
0.3409248	0.5133388	3.3278956	-1.7760121
-2.157921	-0.6640898	-0.27467498	0.16971545
-1.1820722	1.0635381	2.5557804	-2.2630072
-2.1970074	-2.08768	-0.9206878	1.964433
3.6545782	-0.73133147	3.0450568	-0.28439447
1.0666975	0.0061498084	-0.716241	-1.5035703
-3.1268675	-2.0771465	0.40197524	0.799352
-1.0982248	1.4538041	0.35580906	1.8956901
1.4529822	-1.0588049	2.5377972	1.7309188
-2.3038473	2.1738727	-0.67178786	-0.53151554
1.0856482	-1.2291973	-2.527175	-2.6449993
1.7314326	0.42629924	-1.3664397	-2.7785573
0.039969865	2.40711	2.6714177	2.0165098
-1.7882121	2.0610375	0.5889776	-1.0007159
0.27259454	0.79420066	1.0446091	0.53443325
-3.4188101	-0.8842127	-0.4682235	0.6098037
0.40632042	-0.2717435	3.0210414	-0.6376116
0.481215	-1.4729772	-3.5369048	-0.42752185
-1.5421028	0.96568346	1.9226199	-0.5231092
-0.39574504	0.1390407	-0.8937435	2.0527704
2.0614474	0.5575894	1.4545724	1.5298146
0.98015	-3.9823864	-2.7114408	-1.1196151
-2.415125	-1.1015276	0.86412746	0.9856081
-3.4052496	-2.3790631	1.1671631	-0.64253086
0.44446796	-0.5526024	2.307817	2.0417638
2.893016	0.36314693	-1.155234	1.8073044
2.6970375	-2.0454967	-0.95380163	-1.5396065
1.336774	-1.6773906	-0.056698415	-1.8973454
-0.98984456	0.45683324	1.9789096	0.71672446
-0.9635015	-0.35393697	0.50611895	2.294002
-0.6526026	-1.913363	1.7346216	-0.95674485
-2.0976212	1.6680051	-1.696189	1.215686
-2.0214643	-0.076651126	1.7305454	-0.09601184
-1.5196477	-0.39440593	-2.2538557	-0.2896073
-2.0053444	-2.0678627	2.5669637	-0.17687267
3.159266	-3.5369425	-2.3003747	-0.87802076
-0.2563263	3.3518832	1.7281052	-1.6277103
0.3435715	1.4629259	-0.5624444	3.4978302
-3.0776148	-2.053917	0.87043834	0.7487342
-3.0270464	-2.0473015	0.6523005	0.43651694
-0.90151864	0.77631974	2.8625567	-1.7909425
-3.458015	-2.4494195	0.29406643	0.9121351
-1.9368484	0.20463371	1.6864353	-0.25360736
1.3034196	1.41344	-2.4571376	-2.9366925
-1.3474067	-0.17343505	2.2953405	0.25992858
-0.6695131	-1.0337387	-0.7467508	-0.5346395
2.5995164	-1.0066867	2.756063	2.6060126
0.5432584	0.2837277	-2.907554	0.9473505
0.18460785	-1.1168526	1.7743212	-0.6080057
-2.7768943	1.4469734	-0.033305753	0.8840419
4.960354	-0.047692165	4.459095	-0.55754983
0.7297435	3.0771437	-2.2753332	-0.8534317
0.95767826	2.641754	2.274242	-2.3997302
-0.3015584	3.7513242	-0.33907172	-2.1237414
-2.5228128	-0.29643726	1.3291003	0.53934354
4.1575394	-1.9739344	-2.720878	1.1515108
-1.1288655	2.079951	2.268009	-1.2018529
5.952517	-1.5472232	-2.187158	1.0964147
1.1402146	0.6588382	3.4186246	0.86282897
1.5531212	0.2688451	-0.76402885	0.5454649
-1.810919	0.6177101	2.6108105	-0.63982767
-0.486134	-0.28534153	0.3436104	1.641913
-0.6093695	2.1121492	2.043877	2.6707168
-0.7347684	-0.23948227	-2.1846108	-1.2864196
-2.4401681	-0.7998905	0.8024916	1.2288525
0.58230454	0.23887877	-0.9938113	2.339206
-2.141972	-1.7984849	1.4965336	1.0865979
-0.39251614	1.5040443	0.48793834	2.6845253
-1.4109921	-0.8817134	2.429368	-0.6797403
-3.5292284	-2.365093	0.19706073	0.9074315
0.98308796	-0.4691519	1.0695049	-1.9826268
-1.7960755	-0.32762873	-1.1302888	-0.68140274
-0.6737062	3.255578	1.9807085	0.4608993
4.217671	-1.647918	0.6577211	-0.7216378
-1.6564701	-1.0769644	2.402964	-1.1195344
2.42311	-2.8231666	-1.134804	-0.74481446
-1.1114637	-1.5376134	2.5575309	-1.3864801
-0.13019034	-3.174391	-1.426383	0.41786566
-1.3306725	0.81058383	2.2124548	1.5859233
3.4340386	-1.1332427	1.4475021	0.10602263
0.54217464	-1.527102	0.90297633	-1.7892509
0.22244017	3.132362	-1.6581321	-0.16889365
1.3786162	-1.7067971	2.8133461	1.1845582
-2.3601322	-2.3854299	1.5081829	-0.7071073
-3.0431752	-2.609053	0.73000443	0.40141332
3.6387727	-0.17047046	-3.7209563	-0.7853702
0.7694827	-1.0529749	3.1593862	0.81380147
-3.604067	-1.2565814	0.099049814	-0.9510418
0.8125545	-1.7037287	0.8133524	-1.9907429
-2.0621998	0.096417464	-1.0813814	2.1193051
-0.28105292	-2.1480722	3.4690356	-1.2124877
-2.8125718	-0.80832744	-0.18067472	-0.18318541
0.19961429	-1.6724001	2.1686783	-0.46581244
-0.14607072	2.5192766	-1.7576468	-0.48683518
0.41967952	-1.8364881	2.3757954	1.7818121
0.54944164	3.8144293	-0.92673725	0.37938333
1.1563377	0.9479736	3.5462492	2.20253
-1.1919948	1.9952708	-1.8560971	-1.0894532
-1.1797779	1.7853336	1.3032314	-0.30224824
-0.27970645	-0.5790396	2.414376	1.1635827
-0.22981392	1.8120762	2.9710581	1.3490957
2.592795	1.0301173	1.3882207	1.917858
-0.6545981	-1.282834	2.2106888	-2.2396996
-3.5765586	-1.6838715	-0.7349948	0.36515945
-3.4008844	-2.0233483	0.9612598	0.51243424
-2.4854276	-1.3346777	-1.0718052	-1.2799821
-1.4191045	-2.1024508	2.2714603	-0.2566771
-1.6981846	1.4049633	-2.8042746	0.19592881
4.6062603	0.17482795	3.4696245	-1.2587442
-0.07247723	-0.2361104	0.19822681	1.228521
-1.2486674	-0.29866692	2.5144958	0.08744601
-0.6131782	2.728377	-1.2670019	-1.0522498
-0.46974027	-1.1270206	1.5634198	-1.8564405
2.6379879	0.33070943	-1.4889115	0.16368194
-2.2494464	-0.19596224	1.753159	-0.87252563
-0.9431457	0.5382693	0.5192103	2.4022899
-0.86843175	3.356578	1.516097	1.2375735
-1.5827028	0.29819158	0.3245547	0.46359798
-2.721996	-2.0113218	0.56441253	0.72834307
-2.9070888	-1.8694544	-1.2068127	0.43842238
-1.3612262	1.1793897	3.0737338	-0.99053407
-1.8588939	1.5781425	0.19543983	0.26568526
3.058287	-0.023579227	3.8918219	1.1226906
-0.7123328	1.3859645	-0.83826774	2.9632533
-3.244761	-2.0119874	0.85142606	1.0100483
0.08415738	-1.5030886	-2.124498	-0.21887775
-2.4596193	0.8187505	1.4375435	-0.87957555
4.1054573	0.4882528	-2.356715	1.3357544
0.1880818	-1.854228	3.2550478	0.7870019
2.0248604	0.6101668	2.4339385	3.475949
-1.0019906	2.1582196	1.380055	-0.12834242
-3.0541406	0.8985688	-0.23151818	-1.2499895
-1.502015	0.45234364	2.2213323	0.16799018
0.5028624	-3.1490924	-2.2087355	0.38320464
2.7617228	-1.0597273	3.9099152	-1.0165358
-3.6916814	-0.94698495	-0.49494094	0.9662781
-1.2257789	0.5838833	1.9318837	2.0492344
-0.0057997718	1.9068046	-1.3935673	2.528763
0.5446306	-0.59946275	3.1587245	0.19292171
1.4324086	3.7621202	-2.607149	0.55881655
-3.2445748	-2.281179	1.067736	0.04656333
0.3025912	2.602791	-1.0389974	0.94445395
-2.3241053	-1.086941	0.84273225	-0.16258422
4.1766686	-0.31900305	-1.7981457	0.63963026
-0.56453335	0.2939782	-0.0041246517	-2.2558885
-0.86466646	1.3449186	2.2395742	1.0565338
-0.4200248	-0.12459664	1.7302128	-0.6879032
2.6173573	3.8416975	-1.3842833	1.5982865
-0.9969081	1.8811172	1.6640415	-0.7003685
-3.2275856	-0.5455154	-0.54806745	0.30932316
0.15259388	-0.67190856	2.9307938	2.5618322
5.074273	-1.3785682	-3.937975	-2.2683144
-1.4981358	1.7936916	1.7025708	-0.94237876
3.1601841	-0.26434585	-1.7799834	-2.252796
0.33081156	-0.21416204	4.0741253	1.1483911
-1.6273801	2.2470143	-0.24302828	-0.6883317
0.59343237	0.027857274	0.78370196	-2.086416
1.7131141	3.3835068	2.2089162	0.21720472
-0.6445911	1.3696926	0.90449715	0.9544538
-0.90121853	-1.1733749	-2.5376635	0.44266564
0.24762401	0.7231776	1.2234926	-3.188293
-2.1442173	-1.1834712	-1.0482751	0.8807426
-1.5740592	0.32160988	2.7527087	0.21503116
0.3132815	3.1789	-0.5057855	-1.0128522
2.6974297	-0.4038587	3.3471947	-1.5313499
-2.9665449	0.28327337	-0.74760306	-0.2956538
0.12647258	1.1594641	3.677192	0.14867342
-2.2743025	2.0377479	0.51783884	-1.2318212
-2.6650512	-2.1581247	0.50860655	0.6744212
-3.3644094	-0.6683583	-0.4216824	0.36185768
4.6855965	-0.9501762	2.7785652	-1.7545458
0.7305628	2.39222	-1.8477745	0.35779658
-2.975968	-0.83523744	1.3927817	-0.8502528
1.647886	-1.4996406	2.8658543	1.4807347
1.2221363	-1.3515307	0.6850007	-2.231298
-3.3248935	-1.1958226	0.14861852	-0.50915766
1.0789864	0.14402257	-0.3250989	-2.3354616
-2.0510275	-3.3436162	-1.0383399	0.17670877
-1.413999	1.2377291	1.2261401	2.0798943
-3.8694956	-1.8128403	0.13412791	0.7971023
0.2259353	-0.9116524	3.6763082	1.9894618
-2.3935063	-0.27423537	-1.8268936	1.3023648
-0.47527048	1.9749246	2.6643775	-1.2762094
-0.33169875	-1.4205217	0.29119888	-2.3819144
-2.1264095	-0.48404607	1.7812974	-1.8258612
-2.159228	2.7986207	-0.49794525	-1.85251
0.031676915	2.8350384	2.5198882	1.0076363
4.5145597	-0.23103069	3.1570373	-0.36707634
0.5587036	-0.52788293	2.4537022	1.0950881
0.7966945	0.05134437	-1.2004918	4.5631814
-0.36223996	0.33408356	2.2343128	-1.121081
-1.1663914	-0.91856855	-0.6044934	0.92954
-2.0988982	0.06956542	1.5606052	0.704077
2.6284559	-0.59340537	-0.37433988	-1.2939023
-0.4743422	2.0186796	2.2956297	2.268509
-0.87511486	1.8845348	0.17756084	1.8928745
1.2665218	-0.3457618	3.853843	1.0052922
2.295001	0.50007784	1.8276991	0.59142435
1.6100612	-0.12133565	3.5086908	0.8525313
3.5805826	-0.36999893	-2.9761753	1.5790793
5.240886	-1.7839735	2.667059	-1.8850232
2.6312594	-2.56621	-0.8952791	0.9114371
-3.4225986	-2.3885908	1.7591221	-0.1708166
0.6338877	-0.8710372	2.2296572	0.28679758
0.76555854	-0.5518879	3.236687	2.6592767
-2.4901538	-2.197394	-0.32176498	1.8751915
0.84510434	-3.078498	-0.7273472	-2.7975175
-3.4442759	-1.9798529	0.31639695	0.21435867
2.0589116	3.2953224	-0.9862503	-0.83914644
-3.7197745	-1.011819	-0.20246464	0.22312388
1.9812814	-1.6965861	0.8949163	-1.6216627
-0.26411498	2.1179948	1.5343502	0.027440956
3.908084	1.0759084	2.49387	2.4079514
-1.3630406	0.88310266	-1.9603803	2.0502672
-0.1352661	3.0443938	1.7466189	-1.8005606
1.0163655	-1.0688986	2.0735254	2.9294417
-1.3052611	-2.6975913	2.855286	-1.8190151
-0.98141915	1.9801792	-2.3673182	0.43824106
-0.056182776	3.2741396	0.90112406	-1.9401265
-1.8825215	-1.4407454	-1.7227925	1.3396618
5.267645	-1.2418759	2.2382987	-2.0378754
0.93943167	0.18487993	-2.0516756	0.05848496
-3.2804105	-2.3694592	1.6682092	-0.56150335
1.129644	2.6815355	-2.6437142	0.5683337
0.22052771	-0.5574267	1.2228789	1.7452743
-1.9750687	-0.49655032	-1.824664	-0.8591273
-0.013045802	-2.3174875	0.73515874	-2.673419
-1.3379189	-2.567627	0.6696322	0.8599902
1.2224432	2.7266498	0.5915944	-0.8784245
-3.3568053	-3.1366444	1.1932626	0.67442054
2.6540565	-1.0777036	-0.1392631	-1.92089
-0.60445076	2.1801045	1.5341469	0.2668589
3.519284	1.468278	2.7336173	2.7529979
4.6057773	0.056079768	-0.33208758	1.0950013
0.6403921	3.7009346	2.0377579	-2.013175
1.7753838	1.4738235	-0.008932759	1.6749502
-1.546606	-2.2422836	3.1005604	-1.0343732
-0.78926045	1.6052272	-2.4015164	1.6720595
-1.0953965	2.4511347	1.10432	-2.58283
-1.9720007	-1.037133	-1.7730665	-0.14849497
4.611599	-0.4353581	1.51515	-1.8334596
-3.3509827	-1.4264958	-0.108459406	0.33836135
-3.1381402	-2.6460848	1.2173636	0.36952657
2.039661	-1.2890614	5.636176	-1.7647403
2.2791195	-1.4052308	3.641374	2.034901
-1.2537721	-2.5157108	-0.046978153	2.4555852
0.33406496	-2.3018363	1.120766	-2.240014
1.6324544	-0.94244105	3.255266	0.6625823
2.4800663	3.8085384	2.4884136	0.52127904
-0.49869195	1.7974333	-3.0561044	0.6529345
4.323318	-1.5910981	-1.6107483	-2.708372
-2.423836	-0.059943832	-1.0251603	-1.1162698
2.566238	0.12506486	3.52587	2.3581214
1.872954	0.85994637	-3.4231176	-0.032270428
0.0076239286	2.8572216	2.4783905	-1.6034672
0.4833924	3.879893	-2.3913832	-1.4509723
-1.034817	-2.8029118	3.4032826	-1.4251229
-1.0353743	-1.1062931	-2.692977	0.1506276
-0.31317115	3.1292152	1.238887	-2.3382084
-2.494782	0.11938987	-0.07625723	-0.50627565
2.4412708	2.911934	-0.45225525	0.03948405
-1.0497826	3.0920327	-0.28555575	-0.45553613
-0.3401815	-2.1570745	1.2974434	-2.4095414
-0.17164098	-4.7803717	0.029867837	1.9030975
4.4611707	-2.0936995	2.2901042	-0.97716296
0.07946332	0.05061781	-1.7890589	-0.88878495
1.4569362	0.41443497	3.5036788	2.488033
-1.82033	-1.1484485	-2.205044	0.39846933
1.8406988	-0.6175583	4.1918664	1.2249736
-3.0582027	-0.028674394	-0.84986836	0.88108945
2.1840723	0.97515976	3.964779	2.0476336
-0.27607083	-1.2367553	-1.179347	-1.6785429
0.13716319	3.1017299	1.4952172	-1.3278782
1.5054588	2.5439951	0.25138754	1.839495
5.4467044	-1.6929741	3.227195	-1.6622413
-2.887825	1.5160838	-1.0347619	-0.02154576
3.8238714	-0.8053534	4.4352245	-1.4589628
-2.8475406	0.52199924	0.2848646	0.16666788
-3.1647167	-2.2910316	0.92411566	0.89410734
0.9070457	-0.7954792	-3.8751166	-0.96806806
0.5206291	2.0404005	2.064212	-1.390458
-1.3466169	2.78398	-1.6346842	-0.92820114
2.0328474	-1.1119558	0.80445623	-3.851969
0.9471871	-3.584257	-3.4455843	-1.6908249
-0.6627893	2.3460972	2.9273365	-1.2671342
-2.6885355	1.0163567	-0.48521382	0.57401067
0.11335337	2.9127028	2.6881597	-1.9224979
3.968151	1.3343992	0.74610925	-2.591437
2.7399175	-1.3207395	1.9709631	-2.012958
0.7750711	0.53397447	-1.1472424	-1.2443097
2.192281	0.67598975	3.609935	1.9393818
-0.49570528	0.19112599	-3.287718	-0.60970074
-0.27604786	-1.0246426	2.2402484	-1.8182682
-0.4337521	1.5610625	-0.05887736	2.8844151
1.9604136	4.41134	0.7259019	-2.1531134
0.49693817	2.7760448	-2.6807566	0.7160271
-3.1385264	-3.7468736	1.344148	0.43372646
0.66514474	-1.6481189	-0.81320125	-2.4964912
0.2517049	-3.096039	-0.11346236	-2.2728546
1.1590041	-2.0998569	-2.040247	-0.4062746
0.58152163	-1.0838815	3.09755	-2.879243
-1.3009276	1.0112042	0.040422957	2.6223013
0.78708273	-1.1980584	1.5057628	-3.2749813
1.5601226	3.8502872	1.8839605	-1.4653774
-1.4451745	3.2963152	0.28923646	-1.5319351
2.7580326	-1.5457965	2.8523939	3.1400018
-1.7149125	-0.23001327	1.102189	-0.01859326
2.073226	0.58161473	1.3429606	-1.0919374
0.3814374	-0.6531134	2.232936	-2.6348336
-1.7022401	0.8425433	-1.1226546	0.7561053
-2.9946523	-3.1946833	0.96981996	0.62363434
-3.4201374	-0.87530416	-0.095083356	0.361524
5.1717978	-1.7659756	3.2837873	-1.1881627
-0.3470658	2.0562494	0.20108858	0.6913735
-2.977928	-3.0783088	0.9460113	0.7200616
-1.2760324	-1.0481718	0.30740643	-0.61683697
0.6101617	0.52236265	3.427913	2.1254537
-1.8375951	2.365944	-1.7583748	-0.44595936
4.9480276	-1.5555435	2.263652	-0.86758524
-0.27173316	0.9454567	1.484464	0.33276814
0.21907155	-2.3965878	0.8153675	-2.247
4.0305486	-2.8397918	-1.2053052	0.41800466
-0.3720849	-1.6776891	3.0554638	-2.9787784
-0.10705784	-1.6074276	-2.7192383	1.9965975
0.88429874	3.4244657	0.762066	-2.4383526
0.6521168	-0.9089956	2.8437376	1.9614449
-1.5806096	0.8788315	1.2873828	-1.3754132
-1.3367567	-0.42984208	0.22891735	-0.23321974
0.4124489	3.316814	1.2351816	-0.396832
-1.6248193	2.9978929	-1.7119777	-0.9248132
1.2113085	-0.93486625	1.3314224	-2.8442364
-0.20294991	2.9207575	0.25742364	-1.2941813
-0.49873713	0.055750053	1.0778381	2.242271
0.84809893	1.2748058	0.5475815	1.3374014
-1.0014006	1.6549534	1.6812197	-1.1750842
0.60615057	2.9257064	-0.9110653	2.5973747
0.3703782	-1.187343	1.0895643	-2.923726
-0.13262157	3.832971	-0.6448107	-1.4202976
-1.0028703	-1.195749	0.21086487	1.990843
-1.9971046	0.15755141	-1.8011844	-0.9137133
-3.2085605	-3.300732	0.8400735	0.7001755
0.4961996	-0.019612368	-0.206443	2.2550962
-0.40996197	-2.097249	1.3439788	-2.273139
-1.01486	3.3002083	-0.90047383	-0.6445256
0.21658859	0.78730977	1.4095398	1.0502313
1.1927994	-3.9471846	0.66589826	2.2112584
2.2702494	-2.3012767	0.2334782	-1.9591409
0.72014445	-0.017068617	1.5282149	1.2693328
-1.30846	-2.0606384	2.8039186	-2.944109
2.8352542	-0.41552892	-0.46670747	-1.2543447
-0.19641486	2.955584	0.19674727	-2.0008497
0.31300724	2.7460096	-3.4820945	0.5636286
-2.649514	-2.4376655	1.823566	0.59924465
-2.8726244	0.1707494	0.36229804	-1.0652769
0.015528293	-0.6370422	2.5366743	-2.5854673
-2.6148834	1.6580083	-1.7181935	-0.3897427
4.1358852	-0.5837034	5.057599	-0.16982402
1.6836787	2.492562	-1.1285028	2.7230532
-1.7648522	1.6652007	2.3995337	-1.3393186
0.24260864	-0.057821617	-0.9218902	4.3813944
1.2981788	-0.54400116	4.192694	1.7684636
0.29438856	-4.355168	-2.119036	0.68724865
0.96449906	-1.0457065	2.4336934	-3.3573933
-0.46497497	-1.5700055	0.07538118	-0.36587602
-3.2097151	-3.539591	1.2009653	0.65201753
-0.7087362	2.5310931	0.6789658	0.45895344
-3.0328653	-3.3453588	0.996527	0.7820532
1.2915444	-1.1352894	-1.199019	-0.7526258
1.7860515	-2.190044	1.2196939	-2.0604763
-3.820448	-1.2333919	-0.15908283	0.17581719
-1.4746225	2.1252055	1.253649	-1.0558168
-0.30904782	-3.2973444	-2.0588923	-1.4865816
2.2185745	-0.4231317	3.1628916	2.36099
0.9579381	1.1775612	-1.8377386	1.1060057
-1.6441705	-1.5291957	2.2062163	-1.0743309
2.5237195	-0.635505	2.1195834	-0.08395806
1.2809393	-1.5328935	1.6035092	-2.5543656
2.1356654	-0.6394305	-1.2103716	0.94998246
1.5190208	4.2849045	1.5252856	1.3645238
0.5229377	1.5519627	-1.3086784	2.6326556
4.157265	-1.2342371	3.3431234	-2.3442113
-0.23008811	1.6236987	1.351892	2.287719
1.6400013	4.181467	0.43464527	1.0983973
-1.7517467	-0.46153268	2.8091636	1.0760325
-1.0450656	2.5267525	2.2586153	-1.7722034
0.31266475	3.2633946	0.0040348996	-0.49382478
1.0959015	3.893296	0.8082842	-0.08961548
-1.7170978	-1.0955409	-2.3618236	-1.8257401
0.6431141	-2.0038433	2.254066	-1.4358383
-1.8097743	-0.5666352	0.37687334	0.10009295
4.874484	0.58912426	3.9161355	-2.4263945
4.729281	-1.7411507	2.994017	-0.61484736
0.28748238	-2.16325	0.98097783	-2.9928615
-0.917398	-1.5583085	-0.24333932	2.1831257
-1.6106182	0.3630611	-0.16093864	1.9918351
-3.106366	-0.18969746	-0.101242065	-0.41410777
0.039332435	-1.1452689	3.4933832	-2.9414966
0.6227845	-1.1566007	-1.0890362	-1.0577476
0.6293611	-2.4193203	1.2434349	-2.2667832
-1.3186738	2.127911	-1.270553	-0.15402932
2.6239948	-1.3810464	2.5257537	-1.1115785
-2.0304005	0.04883446	-1.9457023	0.19318157
-3.3081143	-2.8252838	0.87132126	0.78548604
4.319431	0.4959252	-2.5588138	2.0631087
2.8279638	-0.32399538	1.9915789	2.4658794
2.1384978	-5.1655607	-2.1209955	-1.8989389
0.47571796	-1.8924223	-2.6645114	-1.2446045
-2.168946	-0.7872146	-2.420527	0.25192448
1.4814054	3.546207	-0.71429884	0.53585166
-2.2425587	-0.56971985	-1.2873605	-1.4609729
-1.9802269	0.008789032	1.3000375	1.097339
-1.4730501	2.6527414	1.6402513	-1.6011734
0.19048236	0.62975854	3.2803423	2.2816172
2.301019	1.9923278	-1.285322	3.8024342
1.3095465	3.8856218	0.2149281	-2.54674
-3.3042188	-1.2848581	0.15488426	0.46507543
-0.01815602	-2.2449472	3.8841577	-3.0084085
1.678736	-2.786567	-3.1296291	1.0232271
0.9966534	3.8870294	1.9388391	-1.8168164
-1.9662602	2.188095	-0.6825982	-1.6718824
1.6581452	0.31591502	3.8944206	0.12957433
1.3550044	-2.3460135	-2.3406756	-2.466351
-3.2776997	-2.7280924	0.84197193	0.7995802
-2.603466	-0.65268165	0.4454292	1.6744086
2.680106	0.34648648	3.9535	-0.015557772
-1.1826013	1.4445761	0.84130657	-0.2588184
3.8142657	-2.134772	-1.9562081	-3.504171
1.1766388	2.9992259	2.3330588	-0.0364118
0.61057293	3.2239149	1.4790189	1.3631941
-1.7821312	2.858347	0.0008186829	-0.31250936
-2.1958926	0.337227	1.6779824	1.1910415
-2.7677147	0.51457995	-0.64748126	-0.53291917
0.6770021	0.26780498	3.4311905	2.186072
4.2425284	0.0778317	-0.04300284	0.23163895
1.2942187	0.116764545	4.4236746	-0.13741007
-0.4209048	3.774816	-2.0225189	-1.6785483
-3.0106626	-2.0459173	1.3675438	0.69768333
-0.2608545	1.3506625	-1.9688449	2.4602191
2.9488328	-1.0202839	4.2067137	1.3105643
-0.07789397	2.4657395	-2.0404563	0.21551307
3.5755744	-3.2471974	-0.51606363	-2.3763967
2.4840562	-0.47223347	-2.3337762	3.1313019
-0.14699973	2.301731	2.719018	-1.5192906
-0.25910005	-0.18594958	-0.67600584	-2.302011
0.46365774	-0.8560412	4.590183	-1.0607176
1.4863005	3.3240285	-1.1545566	2.0269098
-2.384297	-0.3614791	1.4049201	0.66164804
2.388078	-1.3732126	-1.8363805	0.68155366
1.6527468	0.021422721	3.5753899	1.6211911
-2.2842855	0.053085692	0.6685732	-0.20963538
-3.0368385	-2.975853	0.8845806	0.7693039
-3.592465	-2.6415741	1.1584015	-0.20383252
-1.3925003	0.4301717	2.438002	0.54518384
-2.7046402	-0.35517728	0.42423	1.515562
0.2559987	-0.9768705	3.6814601	-2.2453032
1.5242058	-2.2651672	-3.6841607	-0.13435504
0.56003773	-0.65980965	2.8872008	-3.033675
2.4216583	2.40034	-1.438866	2.275938
4.493017	-1.0922313	3.2147837	-1.5974194
-0.75333685	2.7478838	0.833615	-1.0381882
0.87608755	2.9362214	1.5517753	-0.5205786
2.2711093	3.5533016	1.0824167	-1.6045128
0.9105824	0.5231363	3.1809473	0.79217786
-0.2940741	2.3049629	-2.2247214	0.8356158
-1.5724052	1.3500851	0.8430495	0.28148767
1.0080044	1.7224455	-0.545473	-0.7227841
-1.7416946	-1.0401776	1.7250383	1.5799265
-3.0035994	0.74111664	-1.407043	-0.86350155
-0.6116434	2.3471634	1.9967436	1.0384623
-1.065468	-3.901955	-1.5173293	0.66184235
-1.9620994	-0.49971536	1.7637053	1.9611573
0.73221356	3.268334	-1.00781	1.2619565
-3.2950666	-1.922193	0.04549938	1.2605224
1.7950785	2.7245126	0.7011092	-2.339575
-0.0027441375	-0.087741606	3.334709	0.29356632
3.0734377	2.0343263	0.111137785	4.5387216
-1.4810886	2.3333073	1.856106	0.110022925
1.6349025	-1.8178188	1.1867152	-2.0342784
-2.2001166	0.12657148	1.4060712	1.3928523
-1.9483532	-0.1251517	1.653325	-0.7134394
4.588917	0.6016753	4.016681	-1.229662
-0.82126313	2.1249397	0.6861125	-1.8633713
-3.0519466	-2.452549	0.6493841	0.8217774
2.7613037	0.5431082	-0.6439726	-1.2402105
0.08555776	0.13832937	-2.1868646	-1.8028561
-0.035441067	3.2146723	2.0973783	-0.35904524
-1.7163152	-0.17594655	2.483957	2.0765655
1.468034	-3.25587	-0.44939792	-0.86861515
1.244063	-0.16874449	2.809865	-1.3138211
1.6334177	-0.55174387	-0.86565787	0.0018167592
-2.6492455	-3.1456485	2.277664	0.1265853
2.4228988	-0.76289994	-3.1222446	-2.2893662
-3.1253355	-2.4135332	0.23039569	1.1361446
-1.7370714	3.0634384	-0.23936075	-0.8061844
-1.5914452	-1.8911625	3.0045345	-2.0313473
-1.1843446	-1.6349112	2.2372687	-1.9684088
1.7682395	-0.59815794	2.6967177	-0.697307
-0.08134368	0.08916157	-1.9481273	2.136518
1.0241004	3.571732	2.1729279	0.7156852
-2.4212484	1.4370029	-1.0362139	-0.07509096
1.4079841	2.4192917	0.70495176	-2.3703566
1.409818	-1.9565678	-3.1022184	0.06679081
-1.6532435	1.5155879	1.1867037	1.2302381
1.8912044	1.3965428	0.19302261	-2.8085504
-0.6323508	-0.50105834	3.1423967	1.7369102
0.12225542	-0.26918697	-3.0623794	-0.09982686
1.5313852	-3.6932242	-1.4943253	-2.34283
-0.18974589	-0.13117813	-0.04485132	-1.6612326
-0.912801	-0.18983406	2.6428134	1.3668463
-2.888016	-0.18090716	-0.86247545	0.6524565
2.153482	-0.29565963	4.014378	-0.9364611
-2.3582213	1.2635363	-0.40358487	-1.9497272
1.6768149	3.1718807	2.1569183	-1.970551
-2.333961	-1.6865249	-0.51210415	-0.89637196
0.25754756	0.16752125	-2.4388232	-2.2867336
1.6961374	-0.21117474	-2.4944277	0.97809845
-1.8209581	-0.10125485	1.8339078	0.5592493
2.9166822	2.4523127	-0.9851543	4.3555865
0.04075557	3.185242	2.2010756	-0.32612628
1.6581435	3.1548278	-0.6649108	2.5920396
1.4601145	-0.514305	3.4750779	0.7760412
1.9815071	3.245325	-1.0786643	1.9041905
1.7113795	1.9398718	-0.9741098	-1.4638283
1.0545647	-3.227641	-1.0093238	-0.24066454
-3.1486576	-2.0117447	0.058314037	1.2631128
0.25344086	3.6174643	-0.85717773	-1.2221665
0.7615113	2.5761395	1.2816031	-0.6921942
-0.6318743	-0.5018949	-0.07623138	1.1254427
2.0727763	0.0072254078	4.540957	-0.5885526
0.92951584	-2.942185	-1.8452286	0.55439615
-1.1769407	-0.5559269	2.712854	1.7793922
2.5921028	-0.07936533	-0.26887244	-0.72655934
0.07982104	2.5793793	2.079178	-1.4587529
-3.2679935	-0.50395715	-0.7232541	0.7602916
-2.7827413	-2.0984147	0.21707302	0.94880265
-2.2763443	0.2587684	-2.1361623	0.24826811
0.8761983	2.9898264	2.6663687	-2.0044804
-0.947206	2.432086	-1.1561528	0.4179272
-0.72520345	1.282577	-0.6007275	-2.7150364
-0.412571	3.9822867	0.011416285	0.20552278
-1.7311772	-0.82760936	2.6699312	0.98493505
3.6027632	-2.4794018	3.065744	2.0838344
0.5383264	0.556599	3.9402308	1.2179879
-3.8147147	-1.988757	0.32286417	0.11737767
-1.1060327	-0.66433734	2.8688388	0.18648824
0.4011687	3.870526	-2.0895793	-0.7688179
1.0213099	-0.63299596	1.8549159	-0.98850405
-0.4806963	0.20014676	-1.5165873	-1.3647285
-3.2833338	-1.8072689	-0.1653267	1.1660058
4.4271913	-0.8349798	-1.6404153	1.1503065
1.3044257	2.0915172	1.4826133	-1.4853135
-0.33225808	-0.8966463	0.8050625	0.3953787
-0.1911289	-1.7237759	0.15206584	-2.370747
-2.6357598	1.5597671	-0.95174265	0.1622584
-2.4202943	0.56863856	0.27680558	0.59093255
-0.16367541	0.6327548	-2.7668235	2.3676653
-1.6696682	-2.0602455	1.4770839	0.2568418
-0.47041133	-0.031022526	0.25501376	-2.436565
-3.3025913	0.6059606	0.9373684	-0.49670237
2.456323	-1.9414104	-2.5165703	2.1971955
0.79346323	-1.3975757	2.197959	-0.575074
3.7235363	1.0948575	3.5140705	2.046665
-3.342701	-0.7239591	0.24784823	1.1819817
0.4444038	-1.0899485	-0.44994047	-2.997915
-0.15698677	-0.24512473	3.3209412	1.1308994
-0.3798122	-0.49050602	1.1505919	2.1961052
-1.0390507	0.06806109	0.12422158	-2.2073202
-1.2545918	1.4425257	2.8820925	-0.53204995
-2.2887895	1.621618	1.7338432	0.9304644
0.97418535	2.9058592	-2.5981688	1.29373
-0.0105861565	-0.91653377	2.1388583	-0.86370903
5.618456	-1.3054689	-2.190775	-1.0084792
-0.22712323	-0.87874144	2.3383708	2.0952115
-2.7228174	1.5112245	-1.7891684	-0.7785612
0.65644133	2.9511802	1.244436	-1.7346215
-3.9475765	-1.5936452	0.16292036	-0.16653034
1.3278526	-2.2919803	-0.08437486	-1.5805675
0.8142521	0.24456877	-2.405374	1.0293307
-0.53731817	-1.0604138	1.2863697	0.05301382
2.254283	-0.45313266	0.8418524	3.2102861
1.402478	0.75514627	0.27769572	-0.17351472
1.7602087	1.91974	-1.0764143	3.1041737
-3.2634823	-2.019712	0.7658604	0.8820084
-3.229182	-1.6034566	-0.526533	0.48125115
-0.6734976	0.43137693	2.2898836	1.1743093
-0.51007617	3.104948	-0.0393162	-0.78579456
0.52772254	-1.4429959	1.3273326	-0.60172766
-1.6292694	2.4075913	-0.7660578	-0.44917634
-1.7383835	0.9970426	1.8987421	0.08204845
-1.5240856	-3.0276659	-2.3694897	0.69178575
-1.8620914	-2.3364344	0.6355167	-0.23957245
-3.699489	-0.95473695	0.15773568	0.27099466
-1.8227917	2.0543222	1.1799662	-1.2728251
0.26722103	-0.59614664	0.40438494	-2.5549827
-1.5097004	-0.22172557	-0.2277039	-0.5123127
-1.7267772	-1.4955337	-2.7471416	0.55252653
-3.6119058	-1.9994259	-0.027794091	1.21659
-2.2143455	0.3678156	2.1706617	-0.26198214
1.6155243	-1.753092	0.14077291	-1.2079699
-1.1175828	-1.5869759	-2.5312035	-1.3028476
-2.3211868	-2.1735787	1.2950305	0.61945194
-2.644262	-1.2094449	0.90130067	-0.6173768
-0.957171	-1.6349645	2.095292	-1.5504348
-0.9165697	4.0780873	-0.5776411	-2.0039659
-1.0434768	2.1914332	2.4725282	1.0119535
-1.0053898	-2.2286859	-0.53957593	1.0129923
0.11921972	0.5470247	-0.24803217	1.6533861
4.0567656	0.24070583	-3.0374672	0.012960256
0.4197232	-1.2932651	0.8552482	-3.3737419
5.373707	-2.0365648	-1.2584171	-0.44843572
-3.8280828	-1.3066596	0.14288245	0.833887
-3.2554882	-1.0132484	-0.19371423	1.3517739
-3.7392707	-1.4232535	0.0057753217	0.657248
-1.9239926	1.8668442	1.1565119	-0.05606204
2.0051746	2.5770538	1.5394331	0.39452186
-3.6229792	-2.023131	0.544911	0.54059064
-3.356654	-2.1206784	0.4572203	0.97442555
-0.8976992	-2.3789778	-2.0873444	0.123774484
0.8885625	-1.6328917	2.2401545	0.292602
-2.7477422	-0.03323634	-0.438212	0.18310247
-1.8326429	0.057326667	1.9634988	1.3276168
3.4109035	-0.94523704	-0.25854465	0.029699905
2.2913303	-0.8012483	2.492584	2.0185475
0.8300094	0.48042035	2.1839337	1.3107499
3.139436	-1.2994579	1.1752989	-1.1872902
-1.2649695	1.5932766	-0.9347471	0.45116794
-3.4807332	-1.4689354	0.17116553	0.9127138
0.66065675	-1.4286572	2.4276536	2.7592201
3.7531092	-3.9441617	1.5954823	1.1638825
-1.579722	1.838053	-0.80521625	0.2985455
-0.0669518	2.0171723	2.788998	1.2951164
-2.419506	-0.9263061	1.2112346	0.4950968
-0.5422771	-0.9802214	0.9019354	-1.1828704
1.5020655	-1.4809353	-2.5735223	1.6533929
-0.0019115328	3.4296072	0.88304865	-1.7607064
1.5221468	-2.1818738	-0.6703212	-0.98690957
0.79663616	-0.9286518	-0.6525004	-1.9010661
-2.838315	-0.48863164	0.6797609	-0.24811079
3.5763738	-1.2734103	2.9566612	-1.3407991
0.93589336	-2.5872278	-4.0442996	-1.6179016
0.73296833	-1.6229217	2.913484	-0.13337754
-1.4473305	1.674373	-1.9855775	-0.050311204
-2.1376004	-1.2175782	1.5714536	2.0173717
-0.05971298	3.0891747	-2.0053084	-1.5570687
-1.8223946	-0.44754845	1.91215	2.1145968
0.15166526	3.2877972	-1.1555009	-1.0800594
-2.7582712	-2.3706994	0.7014763	0.8201897
0.6661026	4.0222373	-2.108819	0.7444985
-1.5558263	-1.6746898	0.77512264	1.8808038
-3.749629	-2.1097376	0.09487417	0.6987344
1.511224	-0.89929307	1.3420439	-1.1972039
-2.2154355	-0.45824602	-2.0428195	1.9757526
0.4193585	0.12877147	2.7696242	0.51524454
-0.6709537	3.0441256	-0.13934451	-2.9037154
-2.5823674	-1.5411566	0.19083962	1.2104069
0.15334973	-0.04742695	1.5072368	1.0840821
-1.126705	1.658303	1.5340152	-0.6343014
-2.0496814	0.86437297	1.697258	-1.5833925
0.19017172	0.02408915	-0.24823461	0.5957782
2.1864114	-0.6373817	-1.8327128	0.781605
1.2544519	0.64177924	1.2357373	2.5287848
-0.14366381	-3.0518317	-3.5751922	-2.1181235
-3.1523297	-1.405139	-0.013344558	1.3757681
-3.7577326	-1.7863139	0.3543613	0.9817316
-1.8883961	1.163247	2.0517573	0.9446686
2.2598987	-0.44492525	-0.64224595	1.0654091
-1.3939439	-0.39659464	1.597692	1.0747465
-0.7860373	-1.0487013	0.97611666	-0.83386534
0.48590067	-1.7880803	0.9765062	-1.6858213
-2.6545346	1.2647897	-0.18599744	-1.3202326
0.342985	-0.28044513	2.3586843	1.6599634
-0.21578409	1.2432144	1.7966253	2.3271742
2.086904	-1.4947677	-2.1591992	-1.0304257
-0.21106367	2.848608	-0.163065	-0.28129852
-1.0613424	-3.1881018	-1.8317788	0.6392958
-0.7769812	-2.0375056	-2.6030626	-2.16901
0.96754146	-2.7744117	-1.6571337	-1.9100415
1.1750983	-0.31214193	0.6530604	1.1401293
0.83254206	3.4445877	0.6408349	-0.38099724
-3.0340555	-0.7129496	0.4048897	-0.2489058
-2.0716598	0.8439575	-0.17149828	-0.106695704
-0.8171303	-2.1044903	-2.9786	-0.3756997
0.87688726	-1.7482725	-1.451182	-2.6416712
4.80901	-1.7818965	-1.1672617	0.36823642
-1.8053112	0.9989748	1.6137193	0.26897445
-1.0369427	2.5175066	1.4862561	-0.80396485
-2.8413894	-1.6565996	-0.024649229	1.0389298
-2.1941717	2.1558049	-1.5655664	-0.94639885
-1.8909607	1.1029692	1.2386389	-0.41904402
-0.1590599	0.14958206	-4.407109	-0.43749285
-0.65760165	-0.2867943	2.1545508	2.2672093
0.17456837	1.1779321	-0.2705516	2.8574207
-0.8151185	3.4109852	1.610842	-1.4026989
1.3470575	-1.8065267	-2.887633	0.56493014
-0.9099627	1.8342664	2.2536166	1.4902927
-1.9337827	1.6973404	-1.5790275	1.6811413
-1.642881	0.44490752	0.9781455	2.5580733
-2.9681308	1.0508158	-1.3892931	-0.065251864
-0.71262187	2.4610138	1.7084621	-1.3537871
-0.15340692	-0.25402343	-0.08210176	0.23037164
-1.1595404	2.1962247	0.79877055	-1.7902573
0.2309594	-0.24964948	-1.949442	0.4122919
-1.7113711	1.7414829	2.133878	1.2725695
-0.8890206	2.1443992	-2.0770621	1.5955384
-2.156084	2.4334133	0.8936989	-0.80595726
-4.025221	-1.6329389	0.46920374	-0.44479993
-0.3508276	-0.66209036	1.280724	2.1535711
4.2153063	3.8861167	-0.35653928	2.8254251
0.21830696	2.8480163	-0.2704183	-0.36530617
-2.4194975	-1.0234903	-0.824294	-0.5619236
6.024362	-0.14658163	4.8583755	-1.8958182
0.04360432	1.9974109	2.0099907	0.13532269
-3.4101505	-3.164087	1.5031651	-0.12625128
-1.2597705	-0.7290721	0.9632646	0.84153897
2.737927	-1.0598147	2.1364572	1.9765117
2.5547664	-0.4951262	0.93386114	1.3114957
1.9373099	-2.720091	2.29771	-1.7328715
-1.4316653	2.7361004	-1.8644141	-0.4447398
1.6881998	4.2211637	1.2970774	1.3885615
-1.4473352	-1.7638838	0.48340085	3.363857
3.2924979	1.16251	2.3778682	2.9958384
-0.53851396	1.0561638	-0.7519881	3.038871
-0.7757728	3.6322029	0.029313568	-2.9452465
-3.4178634	-0.49999315	-0.20436299	-0.22155166
3.7709243	-0.17422566	3.8416822	-2.734726
0.07697938	2.1515338	-2.564941	2.6146708
4.288714	-0.29679713	4.612782	-1.8807443
-0.017610442	1.374203	-0.8552814	2.9248438
-3.7640114	-2.9695687	1.4172462	0.5225127
-0.67378795	1.894157	-1.7780349	1.9676363
2.9445724	-2.0408862	0.5956227	2.0449638
-3.9520497	-1.6386058	0.056920435	-0.048780445
1.4005239	-1.1177111	1.6217346	-2.9571848
0.7332559	-0.651573	1.8575574	1.921939
1.123253	3.3630023	2.1048155	-0.23176262
-0.24143255	0.95043916	0.9796224	1.1004947
-0.9183267	2.4844215	2.7895463	-1.8847685
4.025323	-2.2956908	-3.7359867	-1.829914
2.5980144	-0.67610043	3.1841905	-3.9035742
0.3219168	4.4835453	-1.1416501	-1.893933
6.074263	-0.26328003	4.392075	-1.097756
0.73698604	-1.1547847	-3.1434128	-1.6929305
-3.3725739	-2.843365	1.3906018	0.035367217
0.24432664	2.5008097	-2.652014	0.6139633
1.1840695	-0.74811894	0.32739514	1.8005958
1.1865408	-1.059325	1.3674955	-1.5831952
3.5464451	4.310621	2.2538314	0.8904226
0.32872868	3.7221022	-1.8781382	-0.9093887
-0.11167315	2.6009188	2.0842338	-2.5445387
-0.84361994	-2.1925619	-2.3184454	-1.2633195
2.2004266	0.32342523	4.176868	-0.869068
1.5209464	2.317659	-0.26980665	2.5906794
0.83286285	3.4170403	1.1590375	-2.0529156
0.10679107	-2.1693234	-0.8063707	1.360216
2.5083401	2.261655	1.530528	-2.038779
0.026098495	0.24073231	0.1640829	2.967425
0.3219913	3.6281826	-0.9943084	-3.0930915
-0.08495279	-2.827291	-3.2512913	-2.159353
-1.366882	0.16276759	1.7569399	-1.0792445
-1.3886801	-0.8098114	0.8515013	0.5976526
-1.7400115	1.6612769	0.55046046	-2.3238604
-3.9606988	-1.4867162	0.43584123	-0.114754185
-0.09183192	3.3977363	-0.97924197	-3.240509
-0.75979435	1.8078427	-0.9651195	1.7654004
2.405741	-1.9761974	2.788996	-2.5898705
-1.6956065	-1.7110549	0.6302033	0.10950429
-1.5749599	0.3958466	2.8931735	-3.467353
0.7395532	-2.1464584	-2.3307083	-0.8229682
0.67994577	-1.536652	0.11905707	-3.313642
-3.604921	-0.9603171	-0.3277976	0.36023355
2.778886	2.6755466	1.0531522	-0.060381893
-3.1794689	-0.42982435	0.9870605	1.3889465
3.0564318	-1.9218533	0.30619556	-0.8477297
-3.6440694	-0.7881756	-0.4712575	0.72603965
-3.2739208	-1.1365943	0.48757437	-1.4210184
0.5963658	1.6130366	-0.44374847	-1.0935733
1.8982427	0.25357813	1.3721092	-2.5494804
-1.635236	-2.4731755	0.37826467	2.764496
1.325613	-0.047829323	0.27882126	-3.789966
1.922008	2.013815	1.0554652	2.1824896
0.3364596	-2.5278778	-0.7931328	2.9171927
-1.6208123	1.469477	0.46865112	-2.5585914
-0.9857331	2.6225195	-1.0788255	-2.7907615
-3.718591	-1.1956078	0.090841815	0.12824744
1.4693118	3.841778	-1.6582614	-0.83656347
-0.071133226	-2.6796014	-2.4978142	-0.1669713
1.4105818	-2.220452	-0.33746722	3.0495691
-1.4851931	2.2120528	-0.6853546	-0.049382456
1.9803565	-0.45989388	0.5061941	1.141069
1.4863586	3.0568378	-1.9140098	1.8291466
-2.4994175	-2.228756	2.492789	-1.1740981
-1.5169599	0.8392914	-1.6664653	1.0539145
0.79452217	3.1221187	-1.2653953	-0.93508166
2.2767859	-2.0954018	1.1810741	0.6613497
1.3257146	-1.4528956	3.3871317	-3.5008605
1.1380991	-0.9607747	0.7339954	3.345768
0.91935444	-0.2187667	3.1217575	-3.235286
2.6047602	-0.53419685	-0.47542423	2.5222342
4.409333	-0.07649761	2.4176245	-4.0346494
3.427712	0.19148107	3.1430545	-1.3469496
4.927496	0.45783487	1.181359	1.5567786
-2.7005	-2.552483	-1.8169694	0.7331717
3.0999782	2.6999996	1.1588964	-1.9424366
1.5443218	3.0425677	-0.21761362	0.23421703
2.7329931	3.616194	-0.6303516	-1.4820571
0.3557228	1.5251379	2.2059267	-2.0087855
1.2966207	3.774264	0.6179952	-2.8932817
2.1053438	-0.086400494	-1.7397192	0.2168327
-3.1851394	-2.690497	2.1424983	-0.6584364
0.47810444	-1.7212569	-0.12599327	1.2570677
2.8218188	0.6542374	0.30187875	-1.9220988
-1.2460619	2.5368161	1.1788328	0.21712767
-1.1980464	1.5498753	-0.95633113	-2.576858
-0.6978552	-0.5220171	-2.3991833	-1.5166154
-1.6669803	-0.8761453	3.186855	0.32137024
-3.098956	0.5958328	0.24621008	-0.47407442
-1.7450588	-0.4784889	3.2079866	-0.77392286
-1.6527138	2.8823724	-1.1970257	-0.7702956
-2.4190032	-2.1346264	2.3679686	-1.6111306
-0.76089054	0.937141	-2.0444276	-1.1140766
2.5108352	-1.55002	2.4370549	-2.3287175
1.6000111	-0.32048422	-5.193942	-0.9479357
1.2131468	4.015344	0.7718405	-2.84481
-1.5849868	1.7643787	1.364131	-2.8851151
-3.1238651	-2.3178809	1.9894606	-0.9096095
-1.1788648	-0.08489262	-0.36049378	-0.101567596
3.5368884	-2.9812043	2.3920522	-0.559704
1.6311499	-1.1785477	-1.3611375	-2.3114505
3.9210615	1.0461851	2.6148	2.7131774
1.2768124	-0.19219078	0.1456893	-2.7047129
0.5515163	0.64553106	1.6261456	2.1264775
-1.5479047	2.081805	-0.33459216	-1.7047509
3.0958686	-0.20691505	0.099159464	-0.8460204
-0.771893	1.1475562	1.0151197	1.4208004
2.9514215	-0.27054673	2.5416129	2.7916553
3.525112	-0.88457245	2.5854006	-1.5280213
0.96797806	4.3208714	0.88580436	-1.5432606
1.1184776	3.0113456	-1.3015422	-0.47674155
-1.2272667	2.0166905	1.8773788	-3.2718902
-0.24105957	2.1457982	-2.5381925	2.1504202
0.57298374	0.14783971	3.2494235	1.1480991
2.689844	-1.0024943	-0.87361264	-2.2555132
-0.7918912	-0.20467648	2.9560084	-0.23334697
0.21559536	-2.890022	-1.1231703	-0.74965566
0.30581334	-0.026116254	2.4811978	-3.163799
1.4973696	3.42405	-3.0901706	0.7455167
2.6177723	-2.3974802	0.9755335	-3.4627125
-1.863169	1.2002323	1.1831802	-0.88536334
2.605149	-1.7648438	-0.06904849	-2.1509726
-0.237881	-0.53922397	-0.1382059	1.9436545
4.4461775	0.7738363	1.9189945	-1.6992345
-0.42758894	-1.3924876	-4.434813	-1.6307421
-3.7773228	-2.6320968	0.7542303	-0.07979494
-0.9515735	3.7354357	-2.0615473	-0.8796813
1.8092841	-0.29081035	2.9508457	2.5018992
1.8230218	-3.9137185	0.06895338	-1.6201321
-1.3892952	-0.9925838	2.704202	0.8915615
-2.4837978	2.1344872	-0.92758477	-1.6619555
2.7291117	-0.06517309	4.058573	2.3986225
-0.2679187	1.480547	0.23093534	0.086503915
0.41111168	-0.7943691	4.0395393	-3.3037605
-0.4437086	-2.0200264	0.20672382	1.2755326
-3.1171248	-3.2610397	1.9580156	0.0089933025
-1.3863288	2.985007	0.7246993	-0.5648602
1.1399484	2.923593	1.1987449	-2.5819407
-1.8084509	-3.576411	-1.6330355	1.0761961
-0.81668323	1.4685149	1.7753527	-1.92865
-1.2013971	-1.1880563	-4.0844045	0.3884363
0.17351806	-0.334862	3.2212582	1.0519513
-1.8899922	2.8445516	-1.7537959	-0.12853764
1.1716931	-1.3670781	4.8410363	-2.8781667
0.9132221	-0.56562465	-2.9449959	-1.0376195
-1.285785	-2.3510532	3.4612758	-0.5539216
-3.1034164	1.1418294	-0.020738555	-0.21415514
0.6396128	3.8324037	0.08875362	-3.070399
-1.007009	-0.58882153	-3.268965	0.3014634
1.4680722	3.5795467	1.1137056	0.3467742
2.6800938	0.5363093	3.9510012	0.89391047
-1.4878129	1.7934196	1.8683455	-2.520604
-2.044972	-0.3609319	-0.60568976	-1.096123
3.5311975	-0.49781504	4.211577	-2.4312446
-1.4152919	-1.4488747	-0.23290828	0.6343055
2.0800755	-2.089405	3.205279	-1.856441
2.5399208	-2.841165	-3.3399487	-0.61668783
-1.2945571	3.0375655	1.0301858	-2.7260764
-3.3397977	-0.6388198	-0.2396305	0.48888502
-0.8174429	2.433744	1.5247058	-3.2867851
3.4143627	-0.6891848	-3.5185564	-1.9795433
-0.26674992	-1.8440597	2.1055043	-1.3570176
0.22611618	-0.08108764	3.3460157	1.7472702
4.189917	-0.70103717	4.8534603	-2.1802194
1.0490203	1.8985234	0.0128415115	1.1588213
0.7258551	-0.04572276	0.011329916	1.0169963
-1.4388552	-1.1676725	-2.3591447	-0.92629266
5.132577	0.3259646	2.6475477	2.6371315
2.5314398	0.4989848	-3.4826472	-2.234856
-2.8079379	-2.0568492	2.6793082	-0.8713362
1.6234639	1.2155704	-1.2439116	5.1007633
7.929933	-1.2206146	3.149024	-0.4923196
4.957844	-1.2852999	0.118691415	-2.296176
-3.0973873	-3.3384986	2.0418224	-0.23505136
0.42642015	1.5574864	-4.26414	-1.2696313
7.357994	-0.6763641	3.6015267	-2.357324
6.975187	-0.11693325	0.045049094	-1.2268591
0.49784768	2.4738915	1.4904759	-0.3965005
-1.4575261	-0.24788193	-0.8827507	1.4624962
-2.7322526	-0.7697271	2.3353891	-2.2275221
-0.116469786	1.8498498	-1.3250731	1.969162
3.1598382	-0.39255244	2.9973116	-2.142278
0.18259095	-0.109392375	-3.4703574	-1.2534399
0.7063154	3.8542287	0.99841136	-0.3982811
0.3017901	0.83367324	-0.03328578	3.2872615
-1.1987531	2.9513593	1.561048	-2.8239896
2.1103761	2.356564	-3.319885	-2.4004922
-1.0141357	2.7115276	1.1481805	-3.5887148
-0.61561775	-0.72385126	0.52269125	0.51573414
0.36798924	0.17306747	1.1684158	1.8025303
4.134586	-0.9065366	-1.4403055	-1.298028
2.3735745	-0.75616896	4.292381	-1.5426192
1.5443026	-0.31731883	-0.0403372	-2.9283361
0.2088565	-1.1743672	2.814108	0.039811026
-2.610698	-0.45581776	-1.5410633	1.4851723
1.4464698	-1.0644674	2.0635803	1.8063083
0.8297806	2.1045141	-0.13611116	-1.963855
1.6765504	0.7085442	2.5956757	1.558618
-3.833227	-1.1359627	0.002156871	0.24704678
1.5048774	-1.3105172	0.33849448	1.9018749
-1.7747802	2.002947	-0.5368169	-0.6107037
0.86731315	-3.3091037	-0.35145587	2.6005306
-0.4425632	-1.2005975	1.8774492	-0.21870853
0.67045075	3.915786	-1.0338434	-2.6612043
-1.2719666	1.8540255	-1.5777172	-1.6057582
1.9251726	3.9065633	-1.2997401	-0.42984602
-0.71343	1.6844614	-2.218734	1.0982369
4.579976	0.435929	3.9716687	-1.0479559
1.1695749	-0.2826073	1.253734	-0.9523176
-3.0272243	-2.1406102	1.625389	0.8078897
0.6893818	1.0319736	-2.556158	-3.0627606
2.1176698	0.40263903	3.3307686	1.4158019
0.58464545	2.7391798	-2.4152284	2.1642861
2.3549984	-3.680957	-1.969811	-1.3464098
-0.9961992	1.772021	1.3733633	0.06576738
-0.64087075	0.46062088	2.1433957	1.7468569
-0.9069042	2.830853	-0.3234105	-1.3682601
-0.6422365	0.2465948	2.9144804	-0.3491069
2.5412884	0.72559166	-0.13246	2.5920389
0.036381282	-1.0013579	2.3138216	1.7115779
-0.7248777	1.7156268	-2.0393538	1.6166968
-0.41937748	3.793433	1.0434811	-1.4845802
0.38859963	-0.13875514	0.62592065	2.3228424
-1.7277981	-1.8382883	2.588946	-0.8694404
4.1356554	-2.7133849	-3.5840688	0.3678518
-2.9408104	0.5578702	1.4028448	-0.90326947
-1.5266515	2.1743875	-0.29662365	-1.0645876
1.2260679	1.789824	3.9826064	0.45163614
1.9289097	1.2353333	-1.6530958	4.1514106
-2.9617686	-2.820376	1.399778	-0.14679767
-2.27568	1.7924247	-1.4847001	-0.9822721
1.3259356	0.37476265	3.7466877	1.9022431
0.23141514	-1.6661032	-2.8937604	-0.5619567
0.95762867	-1.2300756	-0.4379966	-3.7462003
-0.08734258	1.4046443	1.0840002	-1.8084654
-0.08395277	2.9916785	1.9994068	1.6148733
1.117932	-1.3346826	-2.2818391	-2.9554505
-2.4692032	-0.013722064	1.6309452	1.7756596
-1.7037069	-0.3087585	-0.4857692	-0.6389028
-0.87415624	-1.0800095	2.248028	1.1858444
-1.5503764	-1.0089718	-1.2264951	-2.020509
0.9696816	2.423968	1.1021512	-0.84292376
-0.078428075	-2.512605	-0.24842906	0.79587173
-0.7568456	-1.4129951	3.4351134	-0.66703176
-0.057696942	1.1384493	-0.33874905	3.4933348
-2.8191354	0.31583038	1.0481137	-1.0875096
-1.8543456	-0.55742294	2.5680442	-1.4751924
4.016586	-0.39624688	3.923613	-1.4284035
0.28959808	-0.6231117	-0.61206305	2.2885435
-3.7328522	-2.5441747	1.2408088	-0.20787682
-0.8325044	2.6743555	-1.9255681	1.3503772
0.925842	0.7686121	2.0563648	2.1611965
1.9751563	2.8380482	-1.2171257	5.273923
2.7219298	-1.5963035	-0.60272294	-2.4534476
-3.6516838	-1.6061928	0.35514325	0.05450061
-0.32158217	2.2653887	2.174818	-0.8066154
-2.8693101	-0.30678076	-1.0520326	0.7164654
-0.3780655	-1.9351299	4.3637424	-1.1234788
2.0510037	-0.5591894	-2.902293	1.8462453
-2.6000063	-0.33079657	1.3692192	-0.19162163
1.1925281	0.4886683	2.2142727	2.356636
-1.4956315	-0.6968786	2.9087107	-1.1321138
-3.873393	-1.7733997	0.2744441	0.46232378
-1.5265228	1.4186906	2.757756	-0.7629942
0.353697	1.7863388	-0.41918623	3.246271
-0.70632935	-0.1307527	1.0463799	2.2396677
1.2182173	3.1082096	-1.2660767	0.6248287
-3.5604904	-1.30749	0.22176579	0.91807634
-2.0042772	-1.784196	0.021304857	-0.7475086
-1.5858971	0.3614126	1.822459	-1.2617152
4.1681066	2.5290585	-1.0757123	5.4738407
-1.8260638	-0.7627805	2.3454256	0.781923
-1.24084	0.2647139	0.41539463	-2.3664837
2.2081797	-1.9157475	0.5970255	-0.11537497
-1.2524328	-1.9575727	-3.3919184	-0.32500732
5.1040554	-1.2330561	4.1131535	-1.8978755
-2.842673	-0.77511	-0.15917271	-0.33598357
-2.448023	-0.7588189	0.507529	1.2826773
-0.9312503	-1.7153342	-3.2678344	-0.24218951
-1.3753326	-1.2592714	2.8924422	-0.7335531
-1.7513615	-1.3811873	-0.41103935	-0.9542333
-1.4085145	-0.6176702	1.3788029	0.26339197
1.0425595	0.32345867	3.235034	3.171087
5.6014338	1.010045	2.847921	-2.3528621
2.3244362	1.744415	-0.31618252	-1.7975794
-1.9476973	-0.027831184	1.5151803	2.1609077
-0.07241979	-0.5991566	-0.7453212	-2.9599762
-3.5185077	-2.1834607	0.18560694	0.92526144
1.8359243	-0.56897074	-0.5063611	-0.8430345
-1.3453068	-0.21062991	2.1333447	-0.13205703
-1.5696748	-2.1864254	-1.6988522	0.064484484
-1.1164641	2.1230383	1.4180602	0.23782815
0.8321718	0.21694244	-0.49515495	3.9642048
5.626094	1.7447752	4.1130185	0.2961859
2.0794437	-0.81588936	-2.681105	-2.7942894
-2.7452056	0.7254608	1.0428768	-0.48048902
-2.6984236	-0.49651155	0.57387453	1.9887756
0.100840166	1.4844083	2.133384	2.0653148
0.5794658	1.2553275	-0.9437943	4.1912565
6.7568235	0.28578395	2.37957	-3.1747992
-3.7771485	-2.3920531	0.33161068	0.17550007
-3.2594054	-2.2511663	1.568007	0.24303125
-1.7118013	1.8965416	-2.417972	0.9757293
-1.4152465	2.0305898	2.154833	-1.4331369
-2.2035856	1.4725266	-0.33599883	-1.1057895
4.0616	1.1115447	3.8764527	-0.8422679
5.3890023	-0.80724114	-1.8193138	0.7638243
-1.2581894	-0.88105744	2.8143122	1.5882857
1.1442848	1.1214051	-0.32083157	3.7155235
0.6222174	-0.80027276	3.210877	-1.1054325
-1.7646799	-0.86012113	-0.041108888	0.32005718
-1.5797566	1.5204307	2.0627933	-0.8922805
1.256196	3.0273697	-1.9354539	0.63058907
-0.85988164	0.776251	2.545829	0.44297737
-1.3413501	-0.6618883	0.7871339	1.2557245
-0.09896882	1.2000067	1.1500549	2.1342587
-2.0861137	-1.4506961	1.3056389	-0.9576438
-0.69684297	2.9033089	1.5591954	-0.71556723
0.32691735	1.4406004	-2.2781434	-1.7585591
-1.1367348	-0.45003513	2.0591826	1.3541974
0.31450567	-1.4052186	-0.19790824	-2.8852482
5.6050615	0.465249	4.985053	-0.95522773
-0.64432955	1.3817867	-1.8093356	2.657384
-1.330622	-2.4980998	3.0648563	-0.59392494
-0.39458922	0.059755914	-0.72895855	2.3421218
-3.568753	-1.4794497	0.20365457	0.9964375
-0.95060587	1.3825464	-0.15439397	1.9843335
-1.372214	2.2698865	1.69914	-0.7846895
-0.3167037	-1.1401589	-0.99604434	-1.5451144
-1.5492809	2.183322	2.2537038	-1.0956383
2.9108098	0.11186107	-3.8971508	-1.3868294
-3.1483736	-2.2190013	0.83108574	0.9057376
-3.6806736	-0.8765993	-0.6765353	-0.5413804
-0.5098073	-1.2786483	1.354354	-0.66985977
3.4994402	-2.1967244	-2.2062175	0.54715246
-1.7622666	0.78554755	0.54350704	2.2199657
4.4767365	-1.9243786	-2.9152386	0.79974174
0.46149877	-1.1495546	0.9308612	-1.4640735
-0.1166931	0.7893544	-1.5904573	0.41612405
-2.0985594	-1.7617539	0.8852679	1.1102082
1.5493729	-0.33403495	-0.9750658	2.756354
0.01759959	1.4168252	2.0798118	1.6992335
1.5592846	-1.045554	-0.47830164	2.9087334
0.7661986	0.91343534	2.6464875	2.0656927
0.053559028	1.1835148	0.26538453	2.278756
-0.55399644	0.8784579	1.3592731	1.7820944
-1.2739595	-0.31568006	1.177464	-1.5913502
-0.6266335	-1.0490057	2.6028235	-1.3912336
-3.077746	-0.3344847	-0.689013	0.40309927
-2.1423607	-0.41324958	1.0544492	1.4554375
0.99747235	3.538576	-2.2502334	1.909497
-2.8135304	0.9839932	0.79031277	-0.30566207
-2.9508834	-0.67251647	-0.38163915	0.19568832
-0.24766903	0.9618765	3.0979195	2.2073557
3.2589886	-4.0817804	2.5207644	-0.3687939
0.3642012	-2.3421714	0.996266	-0.73623323
-1.5102562	1.2657588	-1.7959604	-0.89429265
-1.622459	-0.61644405	1.5711927	1.5716997
-2.716326	-0.3060954	-0.38612297	0.26622322
-1.7415289	1.9255834	1.4445727	-1.9068137
2.308295	0.042606868	-1.8923839	-3.0618854
-2.4397085	-0.36773336	1.540754	2.002072
2.7214081	-2.641552	1.4804696	1.6105101
-0.3304476	-1.0658925	2.4687562	-0.2695248
0.54315	3.7975528	-2.226848	1.6296871
0.5883304	0.8525224	2.787778	3.1370869
-0.21823318	-0.12706837	-0.58472586	2.4710715
1.0058157	0.3649947	3.3145354	2.2927022
-2.2671177	2.3668385	-1.6453253	-1.5866755
-0.6301792	1.7026908	1.9342932	2.5313692
1.5695904	-0.58223706	-2.3966358	-3.8094914
0.5881057	-0.5609555	2.609051	2.4728246
0.88139355	2.6239011	-1.1569358	1.6455595
-1.2567759	0.8584323	2.8076181	-1.2141266
-1.9481789	1.4362798	0.1470396	-1.1875054
3.777332	1.4408467	4.0609603	-0.15447678
-2.375158	-2.5831008	-2.216776	0.8163493
-1.4489715	1.7613419	0.3945644	2.0139241
1.9878343	4.098983	-0.19054674	-0.52554816
-1.5557275	-0.39259675	1.7360911	-0.12628925
-1.5622591	1.0698137	-2.4500864	1.135328
-0.808645	0.3813667	2.070228	-0.33169532
4.5837226	0.4703117	-1.0247928	-1.4220315
-3.5031898	-2.0296307	1.357155	0.6130567
0.36583573	2.9181738	-0.69055676	0.5604017
1.3471705	-1.8568275	-3.6525955	-2.7234435
1.120969	0.8106097	-1.0295483	2.8636553
2.0335655	-3.88104	-2.5953302	-1.6736728
-0.65921456	0.10644224	1.2271932	2.8451936
-2.8930044	0.49928176	1.2147034	-1.2407935
-0.4272204	1.4063356	0.2725199	-1.4297773
-0.6401495	0.035751056	2.827399	0.8365618
-0.6565498	-1.7873485	-3.6785564	-0.9220973
0.67807	2.0341518	2.6604571	-1.115739
2.9269607	-1.7730666	-2.9229255	0.8974101
0.26578847	2.1271017	2.297953	-1.9447889
0.5134002	-1.2667984	-1.1354567	-2.4698713
-0.997382	-1.5614285	3.4394257	-0.18177682
-1.4944668	-1.9839956	-0.16267431	-0.93496376
-0.026239455	1.0568937	1.8312975	1.8204986
3.9438365	-1.7344587	-2.515859	2.6542342
-3.1041534	-1.1595072	1.1684382	1.026769
-0.42226696	-0.5704851	0.9731435	-1.314558
0.41454795	-1.1322342	0.97008765	-2.9005935
0.4080558	-1.2620639	-1.5975676	-0.6827184
-2.9615438	-2.0320265	1.2939297	1.0214573
-0.6188693	-3.4462593	-1.4824046	0.08526345
0.56196046	-2.9089575	0.2588465	-2.8803403
0.84300923	2.6379864	-2.7851758	0.74377626
4.6077743	-0.366073	1.992381	-1.504589
3.5918136	-0.39767668	-1.191328	-1.3548591
-3.9956486	-1.1178263	-0.029285539	0.07892444
0.59587	2.4639099	-1.6695781	1.2903701
-0.3474492	-4.303702	-1.1632006	2.1525414
-0.983307	0.36008295	2.832403	-1.9497883
1.5411181	-3.2239144	-1.3108797	-1.1702535
-2.4072933	1.2194921	0.12538236	-0.7854355
-0.46518934	2.5865874	-0.6061889	1.4465165
-2.360396	-0.82211065	-1.1767042	0.730297
-0.59083325	-0.08534181	0.6513557	-2.6731694
1.8646015	-0.04208926	-2.5197687	0.4586326
-0.67487234	0.2495411	1.0017855	1.2969055
1.8771431	2.426096	-0.23152614	-0.63362426
-0.57798505	3.5543566	-0.24047542	-1.6334561
0.7172176	2.3196595	-2.119645	2.6053174
-0.8028455	-1.3701283	2.1127403	-2.2578602
2.737128	3.8695414	-1.7722797	2.770076
-1.578914	1.4794807	-1.038695	-0.34291822
0.25147265	-1.16148	2.6539547	2.671882
3.3534684	-1.148773	0.98681253	-0.5617503
3.5583563	-0.26112434	-1.3320215	-1.1679248
-3.7554371	-1.5784112	0.49524578	0.43380523
-0.39070758	3.5932188	-2.518579	0.07598342
-0.8801522	-2.679371	0.956269	3.4051535
0.073998325	2.5468884	-1.931751	1.0775515
0.8245277	-4.173926	-2.7669315	-1.3294502
0.015716087	2.6677577	-2.8370068	0.66648704
0.21295168	2.2564087	-0.635911	2.2039132
0.5453792	-1.579524	0.05974307	-3.5158608
-0.93721694	0.504789	1.9486452	0.22113274
-1.120425	3.6850173	-0.5547994	-1.8461661
0.6982261	-0.38206494	1.3205554	3.18221
-0.5050355	1.0242373	1.7921609	-0.39362162
-1.692938	2.8386877	-0.06915159	-1.0713643
-3.5354176	-1.5228862	-0.20839645	0.56171596
-0.5790103	-0.5899415	0.78913563	-1.1175007
2.0668478	-2.3695304	0.823582	-0.26105988
-1.8933152	2.0998209	0.5937765	-0.740178
-1.7540588	-0.587446	-3.1612844	-0.289802
3.7757878	-1.8386478	-0.023063106	-2.6774626
1.9502814	2.8124177	-1.7901106	2.8629582
-3.594153	-2.3406832	0.19951333	0.62381834
1.3178062	-1.1871756	-0.30219102	-0.33882013
-0.9067587	-2.607989	0.5788554	3.0331423
0.4178511	0.37624335	-2.2624102	-1.0445122
1.5549928	-2.9867203	0.09460615	-0.37178475
0.83301586	0.49278802	-3.0252948	0.4837849
0.30692962	3.6492896	-0.3924372	1.0936239
-3.464677	-0.5902813	-0.3034715	1.0660099
0.08253938	3.2184792	-0.71686405	-1.542448
-3.404251	-0.25192437	-0.068603836	-0.29380476
-0.7551429	-2.5125287	1.8774048	-2.4940531
-3.9271913	-2.0722077	0.35092732	0.82740575
-1.9086015	1.7679183	0.58201504	-1.5029651
0.5216557	-1.7295158	-0.53153217	0.9054016
0.6460352	-3.3691163	1.2075927	1.3761284
-0.30204457	0.754712	0.910069	1.6406963
-1.9275984	2.141033	-0.08875237	1.1688416
6.0243053	-1.3529314	1.524895	-0.5313132
-3.486049	-1.9626528	-0.013692794	1.3935907
-1.5403316	0.34934628	-1.6590931	0.18321268
-2.2786217	1.5605131	0.6365984	1.2093247
-1.6548828	-1.7617044	-1.2649025	-1.5298942
-0.31432146	0.13158801	1.514446	2.3132963
0.74391085	-1.195336	-1.9588972	0.4991801
-1.2611505	0.21360238	1.0498471	1.7378826
0.7637885	1.5708207	-1.677809	2.3011453
-0.93649596	3.415972	-0.2681471	-1.5338372
3.9812677	-0.78969026	-2.1320918	-2.5612733
1.2409929	-2.7878819	-1.7024688	-3.3441708
-2.4802113	0.27813417	-1.6713831	-0.059188846
0.678987	-2.6034007	-1.5698737	-2.3067183
6.204491	0.5429828	3.2831354	-0.584196
0.56844115	0.11509649	2.605031	3.8688507
-3.9373305	-1.58564	0.4714822	0.056817967
-3.82107	-1.5081339	0.45813	0.06346575
4.280462	-0.79776156	-2.8969102	0.0064023496
2.00348	2.9766855	2.5586324	-0.48406816
0.9239966	3.4107854	-0.86775273	0.14464201
0.7893859	3.1729257	-0.14046861	2.0059097
-1.9172429	-0.7880889	1.2146524	0.49684712
-1.3733878	3.284974	0.63066727	-1.7799382
1.1252037	-0.9063036	-0.52701265	2.594435
-0.7811482	-2.6418574	-1.0551424	-0.879678
0.18012692	0.6101778	-0.31021446	-1.0160499
-0.85580474	-0.9288184	1.8002656	-2.5319042
0.5734518	3.2381513	-1.6816882	1.8262117
-1.2643108	3.294262	-0.12186333	0.4353959
-0.594332	0.04849396	0.16366656	1.5280524
0.020450342	3.6283734	0.76865596	-0.43796608
-2.9310095	-0.415873	-0.8437036	0.02939065
-3.7519739	-1.7705222	-0.026157312	0.7150429
0.69800884	-3.6843147	-3.1531835	-1.8452569
-3.7030017	-1.8799745	0.025746942	0.6857478
-3.6201162	-0.903037	-0.64914155	0.5192111
6.0739584	-0.59226805	0.42568362	-0.7387284
2.8957748	1.7425851	-0.7747257	-2.3206604
-3.827574	-1.763655	-0.050315138	0.32128716
-3.1401181	-0.089563474	-0.24879232	0.5549308
-1.9083431	2.4800205	-0.59186673	0.087547496
-0.27345163	-0.23877001	0.99093646	2.2151287
-0.2390062	-0.15909699	1.6164703	2.105818
0.57858855	-0.016192349	-0.022824699	2.4806614
6.6566963	-1.234685	0.1962342	-1.1818401
-3.3919778	-0.51202744	-0.42271355	0.04523759
-1.5957204	-3.249286	-0.16555916	2.7420442
4.582023	0.52453864	2.9633987	-2.197637
-0.42800108	-0.33187813	1.1481187	-1.9608014
-1.615837	-1.5373182	-0.9426617	-0.07887168
0.45648682	-0.9512042	1.8704021	3.4226286
-3.1662488	-0.5158698	-0.82205665	0.8284566
-3.5441153	-2.5744693	0.34355485	0.38601312
-1.1541375	-1.8794919	-0.51124364	-0.06908628
0.018618621	3.3982542	-0.5680542	-1.2123665
-0.8630532	2.389242	-0.8586234	0.41642383
-0.36396244	1.5350254	-0.4124019	-1.4506617
-0.74981093	-2.8082547	0.14339179	-1.9719235
6.0861583	-1.5556858	-1.5264992	-1.5736732
4.077534	-0.8126295	4.579854	0.9429905
5.1688843	-1.6717056	-1.4197081	0.4631854
2.883265	1.1207919	0.5934576	1.3527278
0.3994847	-4.1936846	-0.31397453	1.5537511
-2.6776366	1.3309602	0.5586244	-1.5362618
4.4444585	-1.053413	-1.5410161	-0.98133266
-2.3940964	2.2842164	-1.022287	-0.85962945
0.904283	-0.36682028	1.3230556	3.0555131
-0.046679996	2.0077498	-2.0643845	1.9892861
-1.4580764	3.1287925	-0.44725552	-0.8392765
-3.8551912	-2.283832	0.3587589	0.46310177
-1.3026631	-2.8533785	-0.41205966	1.6632258
-2.181933	1.6800637	-0.34533843	-1.3934788
0.42453364	-2.9626658	-0.6339684	-1.1182806
0.008973442	3.571071	-0.89396316	0.11035876
-1.746763	3.392962	-0.2913903	-1.1800454
-0.8412249	2.106087	-1.2329874	2.1790738
-0.5731297	-1.6423867	1.5635666	0.85539657
5.1368318	-1.474182	-1.6574994	0.8255073
-0.8693019	3.7288756	-0.02722239	-0.33022943
-2.0031648	0.87795043	-1.8196082	0.5851227
0.030074831	-1.381881	1.5843147	-2.2486944
-2.1176486	3.0118957	-0.072899066	-1.4038498
-1.1424459	3.4280188	0.3293547	-1.6613711
0.50306594	3.6437368	-1.249865	1.036113
-0.9825823	-1.4402497	2.0583315	-2.521801
-2.821957	-1.2517797	2.0172584	0.33151415
-0.92875445	3.5801136	0.31016302	-0.19187854
1.0827442	-0.37487614	-4.3056264	-0.26769817
0.48384812	-3.6431143	-1.5201595	0.027121427
-0.04077973	0.8823355	0.18273625	2.6509056
0.56539047	-4.262933	-1.7697557	-0.19829655
0.09183466	-3.03362	-2.9936984	-1.5320129
1.0467489	3.6865294	-0.124595575	-0.017853042
-1.564835	-1.6304058	2.087779	-0.5171335
0.6573138	0.8840098	3.3838232	-1.5280176
0.9271328	-1.7963432	-0.9546492	-0.6934412
-0.7160992	-0.33971018	1.6677517	2.1624012
-0.7750872	2.6882384	-0.28642967	0.50421196
-1.8598182	2.1322703	1.0767119	0.35135692
1.5116029	2.80869	-2.160491	2.5632422
-1.9666919	1.9445399	0.2032826	0.21947396
3.3124819	-1.5876399	-0.2525599	0.7951337
-1.7497793	1.9780735	1.4860162	0.4679054
3.9190834	0.92641765	-1.5964801	2.8238308
4.4655485	-1.9368665	-1.5635519	0.72160846
-2.2190049	1.9600261	-0.8665836	-0.38503656
5.16396	-2.1732523	-1.5661428	-0.25418514
-1.0625304	1.7896289	-0.9915039	0.24481662
-2.0557253	-2.1939273	1.1926332	-2.2392612
2.0652602	-1.5357741	0.024694646	1.2991943
5.512923	-1.6966304	0.7046729	-0.7384485
-0.1359984	-0.75273496	2.6592014	-2.252674
-1.4216336	-1.364044	1.6107048	-2.311433
1.0999324	-2.4264693	-2.202143	-1.1556851
-1.3969531	-0.40017384	1.1483122	2.1334326
0.0843634	-1.8281927	-0.74320257	-2.0865228
-0.25318024	1.0724849	2.0486627	2.794762
-0.5672005	0.17934266	-0.4692362	2.674157
0.15282825	-1.6727883	1.4633145	-2.5826082
2.1600251	-0.90756387	1.2911124	-1.8220758
-1.9257798	-0.9328733	1.562187	0.014510682
-3.126261	-0.03780081	-1.021181	0.8701691
-3.7085297	-2.4292452	0.32192892	0.87673193
-0.69337213	0.0033293017	-1.1206546	-1.838364
-0.62478995	2.8531597	-0.11295869	-1.3561604
1.8371079	-1.5475631	-3.4509876	-0.573096
0.12362719	-2.606145	-0.41040733	-1.4381204
-1.4440529	-0.3978961	0.053179603	1.4119107
-0.5377563	-0.8158468	1.8182297	-1.1684691
0.086756565	4.164507	-0.23965973	0.99163747
-0.9327227	-0.7459997	1.7906854	-0.62612
2.5972714	-0.77818465	-1.1628512	-0.034807485
2.999343	-0.32287306	1.3020973	-0.43559882
3.1986942	-1.959672	-2.199384	1.5153034
-0.43688345	-2.6723225	0.27236602	-1.5001508
0.27716565	-0.48016912	0.28928912	0.9115087
-1.5013384	-0.36702412	1.9651121	1.5522407
-0.44256625	0.9352202	0.18207528	2.7646868
-0.3018144	2.7793286	0.7653936	-1.4426636
-1.428453	0.78978884	0.031428922	-0.09167653
-0.14978091	-2.8616545	0.097568385	-1.5739813
-0.75094837	0.26439998	-0.120227985	-0.6311042
-3.7210975	-2.4853725	0.54751205	0.66957295
-0.65549415	2.3860874	-0.99662495	1.1369727
0.77267414	-3.676332	-3.134972	-2.0863385
-1.082823	0.7729131	2.2381375	0.44835117
-1.3628249	3.9673502	1.028038	-0.89357907
-1.6257172	0.09604507	-0.13483414	0.20958069
-1.880048	-0.6523535	1.9598426	-0.8718848
1.0895524	-0.067835785	1.9130812	2.8164308
-3.1718018	-1.9867655	-0.030712362	1.1852132
-3.707254	-0.66261774	-0.43888837	-0.6068438
-0.98749954	0.07119283	1.2986323	-1.898979
-1.4472811	0.76675165	1.8199052	0.67131466
4.21355	-1.3544252	0.3469831	-0.438444
1.0839466	1.7093004	-2.9306645	2.3081908
-1.9867887	0.16594113	-0.18386395	-0.19538273
-3.4354453	-1.2709594	0.104892515	0.5003095
0.10349957	-1.1320148	0.15833507	1.1959231
0.50525004	-1.5553236	-3.013679	0.8805166
0.0104528535	3.2309067	-0.4570762	-1.2722386
1.8934853	3.378671	-1.8084615	1.9796168
-0.56846756	2.832511	0.90560246	1.5936981
5.682968	0.6613739	1.9882635	1.2335542
-0.412668	-2.1591918	0.61811596	-1.6952099
0.9375783	0.55782247	0.15765512	1.8298979
-3.379947	-2.5611436	0.33493292	0.5697201
-3.393537	0.62196624	-0.29112172	-0.2861394
-0.23852372	2.9613838	1.0155042	-1.7676502
1.9443531	0.8344723	0.29877838	-3.7158089
-1.7037328	-0.8558001	0.7262023	1.9282991
-1.1731011	-0.9761292	-1.9586753	-1.300416
6.3463964	-0.9731516	0.063698836	-1.5492841
-3.2649004	-0.6630797	-0.76404846	0.20602547
-3.7584393	-1.5354388	0.7283323	-1.1673112
0.106519364	0.9856218	-2.4452906	0.90684867
0.04937747	-1.0668646	-0.45878422	2.8888662
-0.92115426	1.5385222	-1.7774811	1.3093405
3.4278567	-2.3969064	-1.5621998	-4.166694
1.5336922	0.11773419	1.1758884	3.2654626
3.8515015	4.1006813	0.33833328	2.6206608
-3.2365065	-1.6780366	0.24150099	-0.25744402
3.1164238	-1.1073757	-1.1322662	-3.997329
-1.66116	2.878037	-0.12138635	-2.3709903
2.0586889	1.968916	0.73433095	2.7409291
-2.2449944	0.7725129	-0.600133	0.05867341
3.0424798	3.6766942	-1.9852864	-1.356639
-2.3750598	0.6142704	-0.4789105	2.634482
0.45156392	-0.5355398	-0.24727868	-2.5395882
-1.7716802	1.9835725	-0.06776679	0.038706023
0.3198193	3.8819892	-1.9386016	-0.13352105
1.3734239	-0.733374	1.4374738	-1.9905376
6.814938	-1.5546225	-0.090231076	0.74032336
-0.82066953	2.390386	-2.3450859	0.43963045
-3.029755	-3.387356	1.7646554	-0.70594805
-2.5292895	-2.8628707	0.84716284	0.610056
-0.38502765	-0.46197775	1.1190623	2.7206552
0.072538555	-1.49483	-2.2935958	-2.149371
2.0887177	1.4068362	-3.2396207	-2.3464024
-0.987497	-1.6273652	-0.6945078	-2.8808239
0.37642002	2.678801	0.77641314	0.068930455
-1.7759513	0.32204852	0.7682003	1.9265885
-1.0596055	-0.14321211	2.0882897	-2.1985002
5.0026045	-0.5885282	-0.90610576	-0.84368867
0.5625854	0.029555239	2.2955296	0.9360133
-0.6362758	-0.8705906	-0.342374	-0.9865879
1.2432541	4.2557726	-0.5633003	-2.4737663
0.53254825	-1.191889	-2.3239083	-1.5253173
3.8476362	-1.7550336	5.2416663	-1.4942374
-0.4306571	-4.962415	-0.9693683	1.8554243
-1.1726182	-0.8909749	0.5207334	-0.92803484
0.69933194	-0.086830035	-1.2464675	1.8541194
4.894148	-0.1743484	0.5124096	-0.5930005
-1.3503007	2.1693482	-1.037118	-0.6898995
-4.0390763	-1.1568686	0.646971	-0.6444436
-1.293954	-2.6490302	-1.1995777	1.7489985
-1.0602192	0.5581386	-0.54609734	2.3911822
-0.16857567	3.0270357	-0.7548538	0.07494128
3.1454	-3.5731559	-2.212518	-3.6991324
0.247832	3.929232	-0.6623325	0.3633245
0.7192829	4.0199857	0.24516034	0.2487415
1.4802697	1.2860645	-2.3140082	2.8632734
5.036219	-2.5708182	-1.3814945	-1.8512592
-0.5886851	1.2755072	0.6368978	2.27336
-0.18173406	-1.2490522	2.7862637	-0.09308922
-1.891082	-0.6278004	0.8508852	1.1701959
-1.4496534	3.0965865	0.9508944	-2.1250005
0.5408416	1.1117697	-0.45467922	3.4453907
0.40411723	-1.1245703	4.075155	-3.176349
-0.93300015	-2.8394296	0.4549823	3.1257427
-2.242966	1.6927327	1.6573513	-2.7386992
-0.24061677	0.11464202	0.24811237	2.3548295
6.8136764	-1.0824419	1.7986957	-0.0029418299
-0.10693379	-0.32102802	-0.23137014	1.8166451
-2.3869307	1.8522444	0.17564881	-2.2549498
-0.38865066	-2.2744212	-0.9258655	0.8763266
-0.31168264	-0.30932862	2.2044945	-2.191365
-1.851823	-1.0830932	0.046061367	0.6824031
-1.3654972	3.3130832	-0.84359014	-1.7114391
-0.2939859	0.058518503	-0.739984	0.2811309
-0.9537502	3.3854601	0.21334419	-3.5901775
-2.848468	-0.9845527	0.49317607	1.011161
6.202837	-0.6474368	1.1394404	-2.209199
-0.87809664	-1.05354	-0.41923693	0.019893754
-3.2582483	-2.3474846	1.8647293	-0.9117871
-3.759227	-1.4902848	0.27727094	0.22559446
0.4745176	3.5358691	-0.17047438	1.2153417
0.40750763	3.4878695	-1.7939513	0.9716574
0.8615569	-1.4782051	0.6180283	-1.6908584
0.40875635	-1.4379404	-1.1456097	-0.6286956
-3.0002823	-3.376169	1.4099622	0.007288763
0.8065475	1.286021	-0.076695986	2.5781446
-0.06081275	-1.3336535	2.5033033	0.31270885
0.97420007	0.7077803	-1.2389038	3.5948567
-2.001245	2.6781647	0.59712017	-1.7775177
-1.1970533	-1.4241678	-0.19897367	-0.47017586
0.77926815	-2.9026303	-0.12962738	-1.8230723
-0.74581176	2.7946484	-1.6439011	1.2523775
1.8042442	-0.33736104	3.5600078	3.8757415
1.5115803	0.987842	-0.5833338	-4.2276726
-0.031562965	3.8748946	-0.3697112	-1.0968201
6.5788503	-1.7144694	-2.1023	1.1488765
7.1219482	0.26820624	1.8170525	-1.652665
-2.737153	0.89348316	-1.1349685	-0.32767066
3.1550775	-4.114284	0.5306205	-1.6538191
3.8489182	-0.94013697	1.215173	-0.13830294
-2.183192	-2.0493503	2.2625668	0.32307583
1.0334121	2.4276958	-2.4668667	0.1256338
-0.9586637	3.3184235	1.4346547	-2.3585577
-1.0189687	2.7166536	-1.2831495	1.776327
1.0398706	-1.8218871	1.8943669	0.9028204
-3.6665606	-1.3620116	-0.21200348	0.884074
-3.0392463	1.0856594	0.14857253	-2.2531333
-1.9071101	-0.7700519	0.22545671	-0.5892861
-2.022728	2.1770525	0.29845327	-1.4803383
1.5255499	2.3018231	-4.72488	-0.30112493
0.5277706	-2.6861582	-0.108569555	-0.9298818
-3.745445	-1.0097636	0.12231051	0.31200624
-0.16956112	-2.0296664	0.75141764	-3.1583738
-1.445687	2.7186098	0.9856484	-1.7983809
-3.936243	-1.4101439	0.23746471	0.11073922
-1.0883082	2.306652	-1.5609651	1.6493149
-0.8608802	-2.5135295	-1.03049	2.6405673
1.2670646	1.9646946	-1.3854235	-1.8664857
-1.6077274	3.0937517	-0.76217836	-2.2052348
1.1997875	2.5454745	-1.3828876	-0.0469064
-1.4768454	-0.64289063	2.263071	1.6160847
2.4112642	-0.9099483	2.591849	2.6391046
-0.4243362	4.0377393	-0.17873688	-2.8741713
-1.768396	-2.3799593	1.1120744	2.7763903
2.4602334	-3.175615	0.802203	-2.5050683
4.0932546	0.64145976	3.7506936	-0.57597816
0.6870925	0.91370815	1.2468413	2.3499303
-2.5918043	2.0868018	-1.548921	-1.0671138
0.43549523	-1.325664	-2.5573947	-3.610169
-0.99122727	3.066689	-0.010116522	1.0429455
3.38908	-1.3896389	-4.2204604	-1.5867481
-1.501935	2.1636214	-1.3665115	0.7387518
7.5902457	-1.8179748	3.0392618	-1.3970829
0.63980585	-2.9772546	-2.2029386	-0.7651848
1.6595552	-0.87669927	3.292679	-3.0948412
-0.16468182	-2.2823327	-3.184122	-0.2359788
-0.11997627	3.3058476	0.6576562	-0.831972
-1.320436	2.5185134	-1.5569578	-0.28242674
6.1865673	-0.20052546	1.0952057	-2.153968
-1.4278427	0.19817272	1.4883336	-0.06895797
3.217511	-3.3435385	1.7887189	-1.4904135
0.6141922	-1.1693826	0.90511876	1.4839449
-0.76782745	3.052972	-0.3340895	-1.2861813
0.6651798	0.018843891	-3.2634451	0.98029447
-1.270758	3.1047208	-1.061973	-1.5806633
0.2977433	2.8647268	-1.3278487	1.657901
-3.9252534	-1.8348328	0.72460276	0.47770357
-0.46753082	-1.0453352	-2.0653162	-1.8173996
3.4568367	3.7185943	-0.72629476	1.4170527
3.2304468	1.1414003	-1.1370423	2.6977675
1.8302273	-2.1632185	0.49610293	-0.097389534
-1.1333687	2.4201999	-1.562681	-0.4200904
2.1456585	4.2041354	-0.95379204	-3.4285123
0.6623303	2.1436274	-2.9991832	0.48754108
-1.0288424	0.78915703	1.9663779	0.97619426
1.3693233	-1.0076772	2.0977547	0.8994879
-0.6119009	-1.1260252	0.321489	3.6013079
-2.8668234	-0.62819326	-1.4159566	1.4135461
-3.5411232	-2.2432957	1.3866401	-0.6256751
-1.5016922	-0.5179573	0.01170899	2.0810413
0.44146067	-1.1683037	2.9365234	-3.756709
-2.2071762	0.84124076	0.34938318	0.51871693
3.8851423	-3.0240405	0.6075844	-3.5473766
-1.3201786	-0.14761241	-4.0478816	-0.5722392
6.4252825	-0.004778591	2.5470464	0.8317692
-0.19757149	-0.24604632	-2.3168669	-1.3441336
4.4165177	-3.0666492	-1.6207252	-2.1266809
-1.6168581	-0.44192246	0.57372826	0.7996745
7.7548757	-1.2067809	1.6218847	-0.6229898
1.2431076	0.6160862	-0.31598	1.5453242
